t,h,v,m
0,0,0,84.6
0.01,0,0,84.6
0.02,0,0,84.5999
0.03,0,0,84.5997
0.04,0,0,84.5995
0.05,0,0,84.5993
0.06,0,0,84.599
0.07,0,0,84.5986
0.08,0,0,84.5982
0.09,0,0,84.5978
0.1,0,0,84.5973
0.11,0,0,84.5968
0.12,0,0,84.5962
0.13,0,0,84.5956
0.14,0,0,84.5949
0.15,0,0,84.5941
0.16,0,0,84.5934
0.17,0,0,84.5925
0.18,0,0,84.5917
0.19,0,0,84.5907
0.2,0,0,84.5898
0.21,0,0,84.5887
0.22,0,0,84.5877
0.23,0,0,84.5865
0.24,0,0,84.5854
0.25,0,0,84.5841
0.26,0,0,84.5829
0.27,0,0,84.5816
0.28,0,0,84.5802
0.29,0,0,84.5788
0.3,0,0,84.5773
0.31,0,0,84.5758
0.32,0,0,84.5742
0.33,0,0,84.5726
0.34,0,0,84.571
0.35,0,0,84.5693
0.36,0,0,84.5675
0.37,0,0,84.5657
0.38,0,0,84.5638
0.39,0,0,84.5619
0.4,0,0,84.56
0.41,0,0,84.558
0.42,0,0,84.5559
0.43,0,0,84.5538
0.44,0,0,84.5517
0.45,0,0,84.5495
0.46,0,0,84.5472
0.47,0,0,84.545
0.48,0,0,84.5426
0.49,0,0,84.5402
0.5,0,0,84.5378
0.51,0,0,84.5353
0.52,0,0,84.5328
0.53,0,0,84.5302
0.54,0,0,84.5275
0.55,0,0,84.5248
0.56,0,0,84.5221
0.57,0,0,84.5193
0.58,0,0,84.5165
0.59,0,0,84.5136
0.6,0,0,84.5107
0.61,0,0,84.5077
0.62,0,0,84.5047
0.63,0,0,84.5016
0.64,0,0,84.4985
0.65,0,0,84.4953
0.66,0,0,84.4921
0.67,0,0,84.4888
0.68,0,0,84.4855
0.69,0,0,84.4821
0.7,0,0,84.4787
0.71,0,0,84.4753
0.72,0,0,84.4718
0.73,0,0,84.4682
0.74,0,0,84.4646
0.75,0,0,84.4609
0.76,0,0,84.4572
0.77,0,0,84.4535
0.78,0,0,84.4496
0.79,0,0,84.4458
0.8,0,0,84.4419
0.81,0,0,84.4379
0.82,0,0,84.4339
0.83,0,0,84.4299
0.84,0,0,84.4258
0.85,0,0,84.4216
0.86,0,0,84.4174
0.87,0,0,84.4132
0.88,0,0,84.4089
0.89,0,0,84.4046
0.9,0,0,84.4002
0.91,0,0,84.3957
0.92,0,0,84.3912
0.93,0,0,84.3867
0.94,0,0,84.3821
0.95,0,0,84.3775
0.96,0,0,84.3728
0.97,0,0,84.3681
0.98,0,0,84.3633
0.99,0,0,84.3584
1,0,0,84.3536
1.01,0,0,84.3486
1.02,0,0,84.3437
1.03,0,0,84.3386
1.04,0,0,84.3336
1.05,0,0,84.3284
1.06,0,0,84.3233
1.07,0,0,84.318
1.08,0,0,84.3128
1.09,0,0,84.3074
1.1,0,0,84.3021
1.11,0,0,84.2967
1.12,0,0,84.2912
1.13,0,0,84.2857
1.14,0,0,84.2801
1.15,0,0,84.2745
1.16,0,0,84.2688
1.17,0,0,84.2631
1.18,0,0,84.2574
1.19,0,0,84.2516
1.2,0,0,84.2457
1.21,0,0,84.2398
1.22,0,0,84.2339
1.23,0,0,84.2279
1.24,0,0,84.2218
1.25,0,0,84.2157
1.26,0,0,84.2096
1.27,0,0,84.2034
1.28,0,0,84.1971
1.29,0,0,84.1908
1.3,0,0,84.1845
1.31,0,0,84.1781
1.32,0,0,84.1716
1.33,0,0,84.1651
1.34,0,0,84.1586
1.35,0,0,84.152
1.36,0,0,84.1454
1.37,0,0,84.1387
1.38,0,0,84.132
1.39,0,0,84.1252
1.4,0,0,84.1183
1.41,0,0,84.1115
1.42,0,0,84.1045
1.43,0,0,84.0976
1.44,0,0,84.0905
1.45,0,0,84.0835
1.46,0,0,84.0763
1.47,0,0,84.0692
1.48,0,0,84.0619
1.49,0,0,84.0547
1.5,0,0,84.0473
1.51,0,0,84.04
1.52,0,0,84.0326
1.53,0,0,84.0251
1.54,0,0,84.0176
1.55,0,0,84.01
1.56,0,0,84.0024
1.57,0,0,83.9947
1.58,0,0,83.987
1.59,0,0,83.9793
1.6,0,0,83.9715
1.61,0,0,83.9636
1.62,0,0,83.9557
1.63,0,0,83.9477
1.64,0,0,83.9397
1.65,0,0.000184798,83.9317
1.66,1.84798e-06,0.000974748,83.9236
1.67,1.15955e-05,0.00237002,83.9154
1.68,3.52957e-05,0.0043708,83.9072
1.69,7.90037e-05,0.00697725,83.899
1.7,0.000148776,0.0101896,83.8907
1.71,0.000250672,0.0140079,83.8823
1.72,0.000390751,0.0184324,83.874
1.73,0.000575075,0.0234634,83.8655
1.74,0.000809709,0.0291009,83.857
1.75,0.00110072,0.0353452,83.8485
1.76,0.00145417,0.0421964,83.8399
1.77,0.00187613,0.0496547,83.8313
1.78,0.00237268,0.0577204,83.8226
1.79,0.00294989,0.0663935,83.8138
1.8,0.00361382,0.0756744,83.805
1.81,0.00437056,0.0855631,83.7962
1.82,0.0052262,0.0960599,83.7873
1.83,0.00618679,0.107165,83.7784
1.84,0.00725844,0.118878,83.7694
1.85,0.00844723,0.131201,83.7604
1.86,0.00975923,0.144132,83.7513
1.87,0.0112005,0.157672,83.7422
1.88,0.0127773,0.171821,83.733
1.89,0.0144955,0.186579,83.7238
1.9,0.0163613,0.201948,83.7145
1.91,0.0183807,0.217926,83.7052
1.92,0.02056,0.234514,83.6958
1.93,0.0229051,0.251712,83.6864
1.94,0.0254223,0.269521,83.6769
1.95,0.0281175,0.287941,83.6674
1.96,0.0309969,0.306971,83.6579
1.97,0.0340666,0.326612,83.6483
1.98,0.0373327,0.346865,83.6386
1.99,0.0408014,0.367729,83.6289
2,0.0444787,0.389205,83.6191
2.01,0.0483707,0.411292,83.6093
2.02,0.0524836,0.433992,83.5995
2.03,0.0568235,0.457304,83.5895
2.04,0.0613966,0.481229,83.5796
2.05,0.0662089,0.505766,83.5696
2.06,0.0712665,0.530916,83.5595
2.07,0.0765757,0.55668,83.5494
2.08,0.0821425,0.583057,83.5393
2.09,0.0879731,0.610047,83.5291
2.1,0.0940735,0.637651,83.5188
2.11,0.10045,0.66587,83.5085
2.12,0.107109,0.694702,83.4982
2.13,0.114056,0.724149,83.4878
2.14,0.121297,0.754211,83.4774
2.15,0.128839,0.784888,83.4669
2.16,0.136688,0.81618,83.4563
2.17,0.14485,0.848087,83.4457
2.18,0.153331,0.88061,83.4351
2.19,0.162137,0.913749,83.4244
2.2,0.171275,0.947504,83.4137
2.21,0.18075,0.981875,83.4029
2.22,0.190568,1.01686,83.3921
2.23,0.200737,1.05247,83.3812
2.24,0.211262,1.08869,83.3702
2.25,0.222149,1.12553,83.3593
2.26,0.233404,1.16298,83.3482
2.27,0.245034,1.20106,83.3372
2.28,0.257044,1.23975,83.326
2.29,0.269442,1.27906,83.3149
2.3,0.282232,1.31899,83.3036
2.31,0.295422,1.35954,83.2924
2.32,0.309018,1.4007,83.281
2.33,0.323025,1.44249,83.2697
2.34,0.33745,1.48489,83.2582
2.35,0.352299,1.52792,83.2468
2.36,0.367578,1.57156,83.2353
2.37,0.383293,1.61583,83.2237
2.38,0.399452,1.66071,83.2121
2.39,0.416059,1.70622,83.2004
2.4,0.433121,1.75235,83.1887
2.41,0.450645,1.7991,83.1769
2.42,0.468635,1.84647,83.1651
2.43,0.4871,1.89446,83.1533
2.44,0.506045,1.94307,83.1414
2.45,0.525475,1.99231,83.1294
2.46,0.545398,2.04216,83.1174
2.47,0.56582,2.09264,83.1054
2.48,0.586747,2.14375,83.0933
2.49,0.608184,2.19547,83.0811
2.5,0.630139,2.24783,83.0689
2.51,0.652617,2.3008,83.0567
2.52,0.675625,2.3544,83.0444
2.53,0.699169,2.40862,83.032
2.54,0.723255,2.46347,83.0196
2.55,0.74789,2.51894,83.0072
2.56,0.773079,2.57504,82.9947
2.57,0.79883,2.63176,82.9821
2.58,0.825147,2.68911,82.9695
2.59,0.852038,2.74708,82.9569
2.6,0.879509,2.80568,82.9442
2.61,0.907566,2.86491,82.9315
2.62,0.936215,2.92476,82.9187
2.63,0.965463,2.98525,82.9059
2.64,0.995315,3.04635,82.893
2.65,1.02578,3.10809,82.88
2.66,1.05686,3.17045,82.8671
2.67,1.08856,3.23345,82.854
2.68,1.1209,3.29707,82.841
2.69,1.15387,3.36132,82.8278
2.7,1.18748,3.42619,82.8147
2.71,1.22174,3.4917,82.8014
2.72,1.25666,3.55784,82.7882
2.73,1.29224,3.62461,82.7748
2.74,1.32849,3.69201,82.7615
2.75,1.36541,3.76003,82.748
2.76,1.40301,3.82869,82.7346
2.77,1.44129,3.89798,82.7211
2.78,1.48027,3.9679,82.7075
2.79,1.51995,4.03846,82.6939
2.8,1.56034,4.10964,82.6802
2.81,1.60143,4.18146,82.6665
2.82,1.64325,4.25391,82.6527
2.83,1.68579,4.327,82.6389
2.84,1.72906,4.40071,82.6251
2.85,1.77306,4.47506,82.6112
2.86,1.81781,4.55005,82.5972
2.87,1.86332,4.62567,82.5832
2.88,1.90957,4.70192,82.5691
2.89,1.95659,4.77881,82.555
2.9,2.00438,4.85633,82.5409
2.91,2.05294,4.93449,82.5267
2.92,2.10229,5.01328,82.5124
2.93,2.15242,5.09271,82.4981
2.94,2.20335,5.17278,82.4838
2.95,2.25507,5.25348,82.4694
2.96,2.30761,5.33482,82.4549
2.97,2.36096,5.4168,82.4405
2.98,2.41513,5.49942,82.4259
2.99,2.47012,5.58267,82.4113
3,2.52595,5.66657,82.3967
3.01,2.58261,5.7511,82.382
3.02,2.64012,5.83627,82.3673
3.03,2.69849,5.92208,82.3525
3.04,2.75771,6.00853,82.3376
3.05,2.81779,6.09562,82.3227
3.06,2.87875,6.18335,82.3078
3.07,2.94058,6.27172,82.2928
3.08,3.0033,6.36073,82.2778
3.09,3.06691,6.45039,82.2627
3.1,3.13141,6.54068,82.2476
3.11,3.19682,6.63162,82.2324
3.12,3.26313,6.7232,82.2172
3.13,3.33037,6.81542,82.2019
3.14,3.39852,6.90829,82.1866
3.15,3.4676,7.0018,82.1712
3.16,3.53762,7.09596,82.1558
3.17,3.60858,7.19076,82.1403
3.18,3.68049,7.2862,82.1248
3.19,3.75335,7.38229,82.1092
3.2,3.82717,7.47903,82.0936
3.21,3.90196,7.57641,82.078
3.22,3.97773,7.67443,82.0623
3.23,4.05447,7.77311,82.0465
3.24,4.1322,7.87243,82.0307
3.25,4.21093,7.9724,82.0148
3.26,4.29065,8.07301,81.9989
3.27,4.37138,8.17428,81.983
3.28,4.45312,8.27619,81.9669
3.29,4.53589,8.37876,81.9509
3.3,4.61967,8.48197,81.9348
3.31,4.70449,8.58583,81.9186
3.32,4.79035,8.69034,81.9024
3.33,4.87725,8.7955,81.8862
3.34,4.96521,8.90131,81.8699
3.35,5.05422,9.00778,81.8535
3.36,5.1443,9.11489,81.8371
3.37,5.23545,9.22265,81.8207
3.38,5.32768,9.33107,81.8042
3.39,5.42099,9.44014,81.7877
3.4,5.51539,9.54986,81.7711
3.41,5.61089,9.66023,81.7544
3.42,5.70749,9.77126,81.7377
3.43,5.8052,9.88294,81.721
3.44,5.90403,9.99528,81.7042
3.45,6.00398,10.1083,81.6874
3.46,6.10507,10.2219,81.6705
3.47,6.20729,10.3362,81.6536
3.48,6.31065,10.4512,81.6366
3.49,6.41516,10.5668,81.6195
3.5,6.52083,10.683,81.6025
3.51,6.62766,10.8,81.5853
3.52,6.73566,10.9175,81.5682
3.53,6.84483,11.0358,81.5509
3.54,6.95519,11.1547,81.5337
3.55,7.06674,11.2742,81.5163
3.56,7.17948,11.3944,81.499
3.57,7.29342,11.5153,81.4815
3.58,7.40858,11.6368,81.4641
3.59,7.52495,11.759,81.4465
3.6,7.64254,11.8819,81.429
3.61,7.76135,12.0054,81.4114
3.62,7.88141,12.1296,81.3937
3.63,8.0027,12.2544,81.376
3.64,8.12525,12.3799,81.3582
3.65,8.24905,12.5061,81.3404
3.66,8.37411,12.6329,81.3225
3.67,8.50044,12.7604,81.3046
3.68,8.62804,12.8885,81.2867
3.69,8.75693,13.0173,81.2687
3.7,8.8871,13.1468,81.2506
3.71,9.01857,13.2769,81.2325
3.72,9.15134,13.4078,81.2144
3.73,9.28541,13.5392,81.1962
3.74,9.42081,13.6714,81.1779
3.75,9.55752,13.8042,81.1596
3.76,9.69556,13.9376,81.1413
3.77,9.83494,14.0718,81.1229
3.78,9.97566,14.2066,81.1044
3.79,10.1177,14.3421,81.0859
3.8,10.2611,14.4782,81.0674
3.81,10.4059,14.615,81.0488
3.82,10.5521,14.7525,81.0301
3.83,10.6996,14.8906,81.0114
3.84,10.8485,15.0295,80.9927
3.85,10.9988,15.1689,80.9739
3.86,11.1505,15.3091,80.9551
3.87,11.3036,15.4499,80.9362
3.88,11.4581,15.5915,80.9173
3.89,11.614,15.7336,80.8983
3.9,11.7713,15.8765,80.8792
3.91,11.9301,16.02,80.8602
3.92,12.0903,16.1642,80.841
3.93,12.2519,16.3091,80.8219
3.94,12.415,16.4546,80.8026
3.95,12.5796,16.6008,80.7834
3.96,12.7456,16.7477,80.764
3.97,12.9131,16.8953,80.7447
3.98,13.082,17.0436,80.7252
3.99,13.2524,17.1925,80.7058
4,13.4244,17.3421,80.6862
4.01,13.5978,17.4924,80.6667
4.02,13.7727,17.6433,80.6471
4.03,13.9492,17.795,80.6274
4.04,14.1271,17.9473,80.6077
4.05,14.3066,18.1003,80.5879
4.06,14.4876,18.254,80.5681
4.07,14.6701,18.4083,80.5482
4.08,14.8542,18.5634,80.5283
4.09,15.0398,18.7191,80.5084
4.1,15.227,18.8755,80.4884
4.11,15.4158,19.0326,80.4683
4.12,15.6061,19.1904,80.4482
4.13,15.798,19.3488,80.428
4.14,15.9915,19.5079,80.4078
4.15,16.1866,19.6678,80.3876
4.16,16.3833,19.8283,80.3673
4.17,16.5815,19.9894,80.3469
4.18,16.7814,20.1513,80.3265
4.19,16.9829,20.3139,80.3061
4.2,17.1861,20.4771,80.2856
4.21,17.3909,20.6411,80.265
4.22,17.5973,20.8057,80.2445
4.23,17.8053,20.971,80.2238
4.24,18.015,21.137,80.2031
4.25,18.2264,21.3037,80.1824
4.26,18.4394,21.4711,80.1616
4.27,18.6542,21.6391,80.1408
4.28,18.8705,21.8079,80.1199
4.29,19.0886,21.9773,80.0989
4.3,19.3084,22.1475,80.0779
4.31,19.5299,22.3183,80.0569
4.32,19.7531,22.4898,80.0358
4.33,19.9779,22.662,80.0147
4.34,20.2046,22.8349,79.9935
4.35,20.4329,23.0085,79.9723
4.36,20.663,23.1828,79.951
4.37,20.8948,23.3578,79.9297
4.38,21.1284,23.5335,79.9083
4.39,21.3637,23.7099,79.8869
4.4,21.6008,23.887,79.8654
4.41,21.8397,24.0648,79.8439
4.42,22.0804,24.2432,79.8223
4.43,22.3228,24.4224,79.8007
4.44,22.567,24.6023,79.779
4.45,22.813,24.7829,79.7573
4.46,23.0609,24.9641,79.7356
4.47,23.3105,25.1461,79.7138
4.48,23.562,25.3288,79.6919
4.49,23.8153,25.5121,79.67
4.5,24.0704,25.6962,79.648
4.51,24.3273,25.881,79.626
4.52,24.5862,26.0665,79.604
4.53,24.8468,26.2527,79.5818
4.54,25.1093,26.4395,79.5597
4.55,25.3737,26.6271,79.5375
4.56,25.64,26.8154,79.5152
4.57,25.9082,27.0044,79.4929
4.58,26.1782,27.1941,79.4706
4.59,26.4502,27.3845,79.4482
4.6,26.724,27.5757,79.4257
4.61,26.9998,27.7675,79.4032
4.62,27.2774,27.96,79.3807
4.63,27.557,28.1533,79.3581
4.64,27.8386,28.3472,79.3355
4.65,28.122,28.5419,79.3128
4.66,28.4075,28.7372,79.29
4.67,28.6948,28.9333,79.2672
4.68,28.9842,29.1301,79.2444
4.69,29.2755,29.3276,79.2215
4.7,29.5687,29.5258,79.1986
4.71,29.864,29.7248,79.1756
4.72,30.1612,29.9244,79.1526
4.73,30.4605,30.1248,79.1295
4.74,30.7617,30.3258,79.1063
4.75,31.065,30.5276,79.0832
4.76,31.3703,30.7301,79.0599
4.77,31.6776,30.9333,79.0367
4.78,31.9869,31.1373,79.0133
4.79,32.2983,31.3419,78.99
4.8,32.6117,31.5473,78.9665
4.81,32.9272,31.7534,78.9431
4.82,33.2447,31.9602,78.9195
4.83,33.5643,32.1677,78.896
4.84,33.886,32.376,78.8723
4.85,34.2097,32.5849,78.8487
4.86,34.5356,32.7946,78.825
4.87,34.8635,33.005,78.8012
4.88,35.1936,33.2162,78.7774
4.89,35.5257,33.428,78.7535
4.9,35.86,33.6406,78.7296
4.91,36.1964,33.8539,78.7056
4.92,36.535,34.0679,78.6816
4.93,36.8757,34.2827,78.6576
4.94,37.2185,34.4982,78.6335
4.95,37.5635,34.7144,78.6093
4.96,37.9106,34.9313,78.5851
4.97,38.2599,35.149,78.5609
4.98,38.6114,35.3673,78.5366
4.99,38.9651,35.5865,78.5122
5,39.3209,35.8063,78.4878
5.01,39.679,36.0269,78.4634
5.02,40.0393,36.2482,78.4389
5.03,40.4018,36.4702,78.4143
5.04,40.7665,36.693,78.3897
5.05,41.1334,36.9165,78.3651
5.06,41.5026,37.1408,78.3404
5.07,41.874,37.3657,78.3156
5.08,42.2476,37.5914,78.2908
5.09,42.6235,37.8179,78.266
5.1,43.0017,38.045,78.2411
5.11,43.3822,38.273,78.2162
5.12,43.7649,38.5016,78.1912
5.13,44.1499,38.731,78.1662
5.14,44.5372,38.9611,78.1411
5.15,44.9268,39.192,78.1159
5.16,45.3187,39.4236,78.0908
5.17,45.713,39.6559,78.0655
5.18,46.1095,39.889,78.0403
5.19,46.5084,40.1228,78.0149
5.2,46.9097,40.3574,77.9896
5.21,47.3132,40.5927,77.9641
5.22,47.7192,40.8287,77.9387
5.23,48.1275,41.0655,77.9131
5.24,48.5381,41.3031,77.8876
5.25,48.9511,41.5413,77.8619
5.26,49.3666,41.7804,77.8363
5.27,49.7844,42.0202,77.8106
5.28,50.2046,42.2607,77.7848
5.29,50.6272,42.5019,77.759
5.3,51.0522,42.744,77.7331
5.31,51.4796,42.9867,77.7072
5.32,51.9095,43.2302,77.6812
5.33,52.3418,43.4745,77.6552
5.34,52.7765,43.7195,77.6292
5.35,53.2137,43.9653,77.6031
5.36,53.6534,44.2118,77.5769
5.37,54.0955,44.4591,77.5507
5.38,54.5401,44.7071,77.5244
5.39,54.9872,44.9559,77.4981
5.4,55.4367,45.2054,77.4718
5.41,55.8888,45.4557,77.4454
5.42,56.3433,45.7067,77.4189
5.43,56.8004,45.9585,77.3924
5.44,57.26,46.2111,77.3659
5.45,57.7221,46.4644,77.3393
5.46,58.1867,46.7185,77.3126
5.47,58.6539,46.9733,77.286
5.48,59.1237,47.2289,77.2592
5.49,59.5959,47.4852,77.2324
5.5,60.0708,47.7424,77.2056
5.51,60.5482,48.0002,77.1787
5.52,61.0282,48.2589,77.1518
5.53,61.5108,48.5183,77.1248
5.54,61.996,48.7784,77.0977
5.55,62.4838,49.0394,77.0706
5.56,62.9742,49.3011,77.0435
5.57,63.4672,49.5635,77.0163
5.58,63.9628,49.8268,76.9891
5.59,64.4611,50.0908,76.9618
5.6,64.962,50.3555,76.9345
5.61,65.4656,50.621,76.9071
5.62,65.9718,50.8874,76.8797
5.63,66.4806,51.1544,76.8522
5.64,66.9922,51.4223,76.8247
5.65,67.5064,51.6909,76.7971
5.66,68.0233,51.9603,76.7695
5.67,68.5429,52.2304,76.7418
5.68,69.0652,52.5014,76.7141
5.69,69.5902,52.7731,76.6863
5.7,70.118,53.0456,76.6585
5.71,70.6484,53.3188,76.6307
5.72,71.1816,53.5928,76.6028
5.73,71.7175,53.8677,76.5748
5.74,72.2562,54.1432,76.5468
5.75,72.7976,54.4196,76.5187
5.76,73.3418,54.6968,76.4906
5.77,73.8888,54.9747,76.4625
5.78,74.4386,55.2534,76.4342
5.79,74.9911,55.5329,76.406
5.8,75.5464,55.8132,76.3777
5.81,76.1045,56.0942,76.3493
5.82,76.6655,56.3761,76.3209
5.83,77.2292,56.6587,76.2925
5.84,77.7958,56.9421,76.264
5.85,78.3653,57.2263,76.2354
5.86,78.9375,57.5113,76.2068
5.87,79.5126,57.797,76.1782
5.88,80.0906,58.0836,76.1495
5.89,80.6714,58.3709,76.1208
5.9,81.2551,58.6591,76.092
5.91,81.8417,58.948,76.0631
5.92,82.4312,59.2377,76.0342
5.93,83.0236,59.5282,76.0053
5.94,83.6189,59.8195,75.9763
5.95,84.2171,60.1116,75.9473
5.96,84.8182,60.4045,75.9182
5.97,85.4222,60.6982,75.8891
5.98,86.0292,60.9926,75.8599
5.99,86.6391,61.2879,75.8306
6,87.252,61.584,75.8014
6.01,87.8679,61.8809,75.772
6.02,88.4867,62.1785,75.7427
6.03,89.1085,62.477,75.7132
6.04,89.7332,62.7763,75.6838
6.05,90.361,63.0763,75.6542
6.06,90.9918,63.3772,75.6247
6.07,91.6255,63.6789,75.595
6.08,92.2623,63.9814,75.5654
6.09,92.9021,64.2846,75.5356
6.1,93.545,64.5887,75.5059
6.11,94.1909,64.8936,75.4761
6.12,94.8398,65.1993,75.4462
6.13,95.4918,65.5058,75.4163
6.14,96.1468,65.8131,75.3863
6.15,96.805,66.1212,75.3563
6.16,97.4662,66.4302,75.3262
6.17,98.1305,66.7399,75.2961
6.18,98.7979,67.0505,75.266
6.19,99.4684,67.3618,75.2358
6.2,100.142,67.674,75.2055
6.21,100.819,67.987,75.1752
6.22,101.499,68.3008,75.1449
6.23,102.182,68.6154,75.1145
6.24,102.868,68.9309,75.084
6.25,103.557,69.2471,75.0535
6.26,104.25,69.5642,75.023
6.27,104.945,69.8821,74.9924
6.28,105.644,70.2008,74.9617
6.29,106.346,70.5203,74.931
6.3,107.051,70.8407,74.9003
6.31,107.76,71.1618,74.8695
6.32,108.471,71.4838,74.8386
6.33,109.186,71.8067,74.8077
6.34,109.904,72.1303,74.7768
6.35,110.625,72.4548,74.7458
6.36,111.35,72.7801,74.7148
6.37,112.078,73.1062,74.6837
6.38,112.809,73.4331,74.6526
6.39,113.543,73.7609,74.6214
6.4,114.281,74.0895,74.5901
6.41,115.022,74.4189,74.5589
6.42,115.766,74.7492,74.5275
6.43,116.513,75.0803,74.4962
6.44,117.264,75.4122,74.4647
6.45,118.018,75.745,74.4333
6.46,118.776,76.0786,74.4017
6.47,119.537,76.413,74.3702
6.48,120.301,76.7483,74.3385
6.49,121.068,77.0844,74.3069
6.5,121.839,77.4213,74.2751
6.51,122.613,77.7591,74.2434
6.52,123.391,78.0977,74.2116
6.53,124.172,78.4372,74.1797
6.54,124.956,78.7775,74.1478
6.55,125.744,79.1186,74.1158
6.56,126.535,79.4606,74.0838
6.57,127.33,79.8034,74.0517
6.58,128.128,80.1471,74.0196
6.59,128.929,80.4916,73.9875
6.6,129.734,80.837,73.9553
6.61,130.543,81.1832,73.923
6.62,131.354,81.5303,73.8907
6.63,132.17,81.8782,73.8583
6.64,132.988,82.2269,73.8259
6.65,133.811,82.5766,73.7935
6.66,134.636,82.927,73.761
6.67,135.466,83.2783,73.7284
6.68,136.299,83.6305,73.6958
6.69,137.135,83.9835,73.6632
6.7,137.975,84.3374,73.6305
6.71,138.818,84.6921,73.5977
6.72,139.665,85.0477,73.565
6.73,140.515,85.4042,73.5321
6.74,141.369,85.7615,73.4992
6.75,142.227,86.1197,73.4663
6.76,143.088,86.4787,73.4333
6.77,143.953,86.8386,73.4003
6.78,144.821,87.1993,73.3672
6.79,145.693,87.5609,73.334
6.8,146.569,87.9234,73.3008
6.81,147.448,88.2868,73.2676
6.82,148.331,88.651,73.2343
6.83,149.218,89.0161,73.201
6.84,150.108,89.382,73.1676
6.85,151.002,89.7488,73.1342
6.86,151.899,90.1165,73.1007
6.87,152.8,90.4851,73.0672
6.88,153.705,90.8545,73.0336
6.89,154.614,91.2248,73
6.9,155.526,91.596,72.9663
6.91,156.442,91.968,72.9326
6.92,157.362,92.3409,72.8988
6.93,158.285,92.7147,72.865
6.94,159.212,93.0894,72.8311
6.95,160.143,93.465,72.7972
6.96,161.078,93.8414,72.7633
6.97,162.016,94.2187,72.7293
6.98,162.958,94.5969,72.6952
6.99,163.904,94.976,72.6611
7,164.854,95.356,72.6269
7.01,165.808,95.7368,72.5927
7.02,166.765,96.1186,72.5585
7.03,167.726,96.5012,72.5241
7.04,168.691,96.8847,72.4898
7.05,169.66,97.2691,72.4554
7.06,170.633,97.6544,72.4209
7.07,171.609,98.0405,72.3864
7.08,172.59,98.4276,72.3519
7.09,173.574,98.8156,72.3173
7.1,174.562,99.2044,72.2826
7.11,175.554,99.5942,72.2479
7.12,176.55,99.9848,72.2132
7.13,177.55,100.376,72.1784
7.14,178.554,100.769,72.1436
7.15,179.561,101.162,72.1087
7.16,180.573,101.556,72.0737
7.17,181.589,101.951,72.0387
7.18,182.608,102.347,72.0037
7.19,183.632,102.744,71.9686
7.2,184.659,103.142,71.9335
7.21,185.69,103.541,71.8983
7.22,186.726,103.941,71.8631
7.23,187.765,104.341,71.8278
7.24,188.809,104.743,71.7924
7.25,189.856,105.145,71.7571
7.26,190.908,105.548,71.7216
7.27,191.963,105.953,71.6862
7.28,193.023,106.358,71.6506
7.29,194.086,106.764,71.6151
7.3,195.154,107.171,71.5794
7.31,196.225,107.578,71.5438
7.32,197.301,107.987,71.508
7.33,198.381,108.397,71.4723
7.34,199.465,108.807,71.4364
7.35,200.553,109.219,71.4006
7.36,201.645,109.631,71.3647
7.37,202.742,110.045,71.3287
7.38,203.842,110.459,71.2927
7.39,204.947,110.874,71.2566
7.4,206.055,111.29,71.2205
7.41,207.168,111.707,71.1843
7.42,208.285,112.125,71.1481
7.43,209.407,112.544,71.1119
7.44,210.532,112.964,71.0756
7.45,211.662,113.385,71.0392
7.46,212.796,113.807,71.0028
7.47,213.934,114.229,70.9664
7.48,215.076,114.653,70.9299
7.49,216.222,115.077,70.8933
7.5,217.373,115.503,70.8567
7.51,218.528,115.929,70.8201
7.52,219.688,116.356,70.7834
7.53,220.851,116.784,70.7466
7.54,222.019,117.214,70.7098
7.55,223.191,117.644,70.673
7.56,224.368,118.075,70.6361
7.57,225.548,118.507,70.5991
7.58,226.733,118.94,70.5621
7.59,227.923,119.374,70.5251
7.6,229.116,119.808,70.488
7.61,230.315,120.244,70.4509
7.62,231.517,120.681,70.4137
7.63,232.724,121.119,70.3765
7.64,233.935,121.557,70.3392
7.65,235.151,121.997,70.3018
7.66,236.371,122.437,70.2645
7.67,237.595,122.879,70.227
7.68,238.824,123.321,70.1896
7.69,240.057,123.764,70.152
7.7,241.295,124.209,70.1145
7.71,242.537,124.654,70.0768
7.72,243.783,125.1,70.0392
7.73,245.034,125.548,70.0014
7.74,246.29,125.996,69.9637
7.75,247.55,126.445,69.9258
7.76,248.814,126.895,69.888
7.77,250.083,127.346,69.8501
7.78,251.356,127.798,69.8121
7.79,252.634,128.251,69.7741
7.8,253.917,128.705,69.736
7.81,255.204,129.16,69.6979
7.82,256.496,129.616,69.6597
7.83,257.792,130.073,69.6215
7.84,259.092,130.531,69.5833
7.85,260.398,130.989,69.545
7.86,261.708,131.449,69.5066
7.87,263.022,131.91,69.4682
7.88,264.341,132.372,69.4297
7.89,265.665,132.835,69.3912
7.9,266.993,133.298,69.3527
7.91,268.326,133.763,69.3141
7.92,269.664,134.229,69.2754
7.93,271.006,134.695,69.2367
7.94,272.353,135.163,69.198
7.95,273.705,135.632,69.1592
7.96,275.061,136.101,69.1203
7.97,276.422,136.572,69.0815
7.98,277.788,137.043,69.0425
7.99,279.158,137.516,69.0035
8,280.533,137.99,68.9645
8.01,281.913,138.464,68.9254
8.02,283.298,138.94,68.8863
8.03,284.687,139.416,68.8471
8.04,286.082,139.894,68.8078
8.05,287.481,140.372,68.7685
8.06,288.884,140.852,68.7292
8.07,290.293,141.333,68.6898
8.08,291.706,141.814,68.6504
8.09,293.124,142.297,68.6109
8.1,294.547,142.78,68.5714
8.11,295.975,143.265,68.5318
8.12,297.408,143.75,68.4922
8.13,298.845,144.237,68.4525
8.14,300.288,144.725,68.4128
8.15,301.735,145.213,68.373
8.16,303.187,145.703,68.3332
8.17,304.644,146.194,68.2933
8.18,306.106,146.685,68.2534
8.19,307.573,147.178,68.2134
8.2,309.045,147.672,68.1734
8.21,310.521,148.166,68.1334
8.22,312.003,148.662,68.0933
8.23,313.49,149.159,68.0531
8.24,314.981,149.657,68.0129
8.25,316.478,150.155,67.9726
8.26,317.979,150.655,67.9323
8.27,319.486,151.156,67.892
8.28,320.997,151.658,67.8515
8.29,322.514,152.161,67.8111
8.3,324.036,152.665,67.7706
8.31,325.562,153.17,67.73
8.32,327.094,153.676,67.6894
8.33,328.631,154.183,67.6488
8.34,330.172,154.691,67.6081
8.35,331.719,155.2,67.5673
8.36,333.271,155.71,67.5265
8.37,334.828,156.221,67.4857
8.38,336.391,156.733,67.4448
8.39,337.958,157.247,67.4039
8.4,339.53,157.761,67.3629
8.41,341.108,158.276,67.3218
8.42,342.691,158.793,67.2807
8.43,344.279,159.31,67.2396
8.44,345.872,159.828,67.1984
8.45,347.47,160.348,67.1572
8.46,349.074,160.869,67.1159
8.47,350.682,161.39,67.0746
8.48,352.296,161.913,67.0332
8.49,353.915,162.437,66.9917
8.5,355.54,162.962,66.9503
8.51,357.169,163.487,66.9087
8.52,358.804,164.014,66.8672
8.53,360.444,164.542,66.8255
8.54,362.09,165.071,66.7839
8.55,363.74,165.601,66.7421
8.56,365.396,166.133,66.7004
8.57,367.058,166.665,66.6585
8.58,368.724,167.198,66.6167
8.59,370.396,167.732,66.5747
8.6,372.074,168.268,66.5328
8.61,373.756,168.804,66.4908
8.62,375.444,169.342,66.4487
8.63,377.138,169.881,66.4066
8.64,378.837,170.42,66.3644
8.65,380.541,170.961,66.3222
8.66,382.251,171.503,66.2799
8.67,383.966,172.046,66.2376
8.68,385.686,172.59,66.1953
8.69,387.412,173.135,66.1529
8.7,389.143,173.681,66.1104
8.71,390.88,174.229,66.0679
8.72,392.622,174.777,66.0254
8.73,394.37,175.327,65.9828
8.74,396.123,175.877,65.9401
8.75,397.882,176.429,65.8974
8.76,399.646,176.982,65.8547
8.77,401.416,177.536,65.8119
8.78,403.192,178.09,65.769
8.79,404.973,178.647,65.7261
8.8,406.759,179.204,65.6832
8.81,408.551,179.762,65.6402
8.82,410.349,180.321,65.5971
8.83,412.152,180.882,65.554
8.84,413.961,181.443,65.5109
8.85,415.775,182.006,65.4677
8.86,417.595,182.57,65.4245
8.87,419.421,183.135,65.3812
8.88,421.252,183.701,65.3379
8.89,423.089,184.268,65.2945
8.9,424.932,184.836,65.251
8.91,426.78,185.405,65.2076
8.92,428.634,185.976,65.164
8.93,430.494,186.547,65.1205
8.94,432.36,187.12,65.0768
8.95,434.231,187.694,65.0332
8.96,436.108,188.269,64.9894
8.97,437.99,188.845,64.9457
8.98,439.879,189.422,64.9018
8.99,441.773,190,64.858
9,443.673,190.58,64.814
9.01,445.579,191.16,64.7701
9.02,447.49,191.742,64.7261
9.03,449.408,192.325,64.682
9.04,451.331,192.909,64.6379
9.05,453.26,193.494,64.5937
9.06,455.195,194.08,64.5495
9.07,457.136,194.667,64.5052
9.08,459.083,195.256,64.4609
9.09,461.035,195.845,64.4166
9.1,462.994,196.436,64.3722
9.11,464.958,197.028,64.3277
9.12,466.928,197.621,64.2832
9.13,468.904,198.215,64.2386
9.14,470.887,198.811,64.194
9.15,472.875,199.407,64.1494
9.16,474.869,200.005,64.1047
9.17,476.869,200.604,64.0599
9.18,478.875,201.204,64.0151
9.19,480.887,201.805,63.9703
9.2,482.905,202.407,63.9254
9.21,484.929,203.011,63.8804
9.22,486.959,203.615,63.8355
9.23,488.995,204.221,63.7904
9.24,491.038,204.828,63.7453
9.25,493.086,205.436,63.7002
9.26,495.14,206.046,63.655
9.27,497.201,206.656,63.6098
9.28,499.267,207.268,63.5645
9.29,501.34,207.881,63.5191
9.3,503.419,208.495,63.4737
9.31,505.504,209.11,63.4283
9.32,507.595,209.726,63.3828
9.33,509.692,210.344,63.3373
9.34,511.795,210.962,63.2917
9.35,513.905,211.582,63.2461
9.36,516.021,212.203,63.2004
9.37,518.143,212.825,63.1547
9.38,520.271,213.449,63.1089
9.39,522.406,214.074,63.0631
9.4,524.546,214.699,63.0172
9.41,526.693,215.326,62.9713
9.42,528.847,215.955,62.9253
9.43,531.006,216.584,62.8793
9.44,533.172,217.215,62.8332
9.45,535.344,217.846,62.7871
9.46,537.523,218.479,62.741
9.47,539.707,219.114,62.6948
9.48,541.899,219.749,62.6485
9.49,544.096,220.386,62.6022
9.5,546.3,221.024,62.5558
9.51,548.51,221.663,62.5094
9.52,550.727,222.303,62.463
9.53,552.95,222.944,62.4164
9.54,555.179,223.587,62.3699
9.55,557.415,224.231,62.3233
9.56,559.657,224.876,62.2766
9.57,561.906,225.522,62.2299
9.58,564.161,226.17,62.1832
9.59,566.423,226.819,62.1364
9.6,568.691,227.469,62.0895
9.61,570.966,228.12,62.0426
9.62,573.247,228.773,61.9957
9.63,575.535,229.426,61.9487
9.64,577.829,230.081,61.9017
9.65,580.13,230.737,61.8546
9.66,582.437,231.395,61.8074
9.67,584.751,232.053,61.7602
9.68,587.072,232.713,61.713
9.69,589.399,233.374,61.6657
9.7,591.733,234.037,61.6184
9.71,594.073,234.7,61.571
9.72,596.42,235.365,61.5236
9.73,598.774,236.031,61.4761
9.74,601.134,236.699,61.4285
9.75,603.501,237.367,61.381
9.76,605.875,238.037,61.3333
9.77,608.255,238.708,61.2857
9.78,610.642,239.381,61.2379
9.79,613.036,240.055,61.1902
9.8,615.437,240.729,61.1423
9.81,617.844,241.406,61.0945
9.82,620.258,242.083,61.0465
9.83,622.679,242.762,60.9986
9.84,625.106,243.442,60.9505
9.85,627.541,244.123,60.9025
9.86,629.982,244.805,60.8544
9.87,632.43,245.489,60.8062
9.88,634.885,246.174,60.758
9.89,637.347,246.861,60.7097
9.9,639.815,247.548,60.6614
9.91,642.291,248.237,60.613
9.92,644.773,248.927,60.5646
9.93,647.262,249.619,60.5162
9.94,649.759,250.312,60.4677
9.95,652.262,251.006,60.4191
9.96,654.772,251.701,60.3705
9.97,657.289,252.398,60.3219
9.98,659.813,253.095,60.2732
9.99,662.344,253.795,60.2244
10,664.882,254.495,60.2
10.01,667.427,254.365,60.2
10.02,669.97,254.235,60.2
10.03,672.513,254.105,60.2
10.04,675.054,253.976,60.2
10.05,677.593,253.846,60.2
10.06,680.132,253.716,60.2
10.07,682.669,253.586,60.2
10.08,685.205,253.457,60.2
10.09,687.739,253.327,60.2
10.1,690.273,253.198,60.2
10.11,692.805,253.068,60.2
10.12,695.335,252.939,60.2
10.13,697.865,252.809,60.2
10.14,700.393,252.68,60.2
10.15,702.92,252.55,60.2
10.16,705.445,252.421,60.2
10.17,707.969,252.292,60.2
10.18,710.492,252.163,60.2
10.19,713.014,252.033,60.2
10.2,715.534,251.904,60.2
10.21,718.053,251.775,60.2
10.22,720.571,251.646,60.2
10.23,723.088,251.517,60.2
10.24,725.603,251.388,60.2
10.25,728.117,251.259,60.2
10.26,730.629,251.13,60.2
10.27,733.14,251.001,60.2
10.28,735.65,250.873,60.2
10.29,738.159,250.744,60.2
10.3,740.667,250.615,60.2
10.31,743.173,250.486,60.2
10.32,745.678,250.358,60.2
10.33,748.181,250.229,60.2
10.34,750.684,250.101,60.2
10.35,753.185,249.972,60.2
10.36,755.684,249.844,60.2
10.37,758.183,249.715,60.2
10.38,760.68,249.587,60.2
10.39,763.176,249.458,60.2
10.4,765.67,249.33,60.2
10.41,768.164,249.202,60.2
10.42,770.656,249.074,60.2
10.43,773.146,248.945,60.2
10.44,775.636,248.817,60.2
10.45,778.124,248.689,60.2
10.46,780.611,248.561,60.2
10.47,783.096,248.433,60.2
10.48,785.581,248.305,60.2
10.49,788.064,248.177,60.2
10.5,790.546,248.049,60.2
10.51,793.026,247.921,60.2
10.52,795.505,247.794,60.2
10.53,797.983,247.666,60.2
10.54,800.46,247.538,60.2
10.55,802.935,247.41,60.2
10.56,805.409,247.283,60.2
10.57,807.882,247.155,60.2
10.58,810.354,247.028,60.2
10.59,812.824,246.9,60.2
10.6,815.293,246.773,60.2
10.61,817.761,246.645,60.2
10.62,820.227,246.518,60.2
10.63,822.692,246.39,60.2
10.64,825.156,246.263,60.2
10.65,827.619,246.136,60.2
10.66,830.08,246.008,60.2
10.67,832.54,245.881,60.2
10.68,834.999,245.754,60.2
10.69,837.457,245.627,60.2
10.7,839.913,245.5,60.2
10.71,842.368,245.373,60.2
10.72,844.822,245.246,60.2
10.73,847.274,245.119,60.2
10.74,849.725,244.992,60.2
10.75,852.175,244.865,60.2
10.76,854.624,244.738,60.2
10.77,857.071,244.611,60.2
10.78,859.517,244.484,60.2
10.79,861.962,244.358,60.2
10.8,864.406,244.231,60.2
10.81,866.848,244.104,60.2
10.82,869.289,243.977,60.2
10.83,871.729,243.851,60.2
10.84,874.168,243.724,60.2
10.85,876.605,243.598,60.2
10.86,879.041,243.471,60.2
10.87,881.475,243.345,60.2
10.88,883.909,243.218,60.2
10.89,886.341,243.092,60.2
10.9,888.772,242.966,60.2
10.91,891.202,242.839,60.2
10.92,893.63,242.713,60.2
10.93,896.057,242.587,60.2
10.94,898.483,242.461,60.2
10.95,900.908,242.335,60.2
10.96,903.331,242.209,60.2
10.97,905.753,242.082,60.2
10.98,908.174,241.956,60.2
10.99,910.593,241.83,60.2
11,913.012,241.704,60.2
11.01,915.429,241.579,60.2
11.02,917.845,241.453,60.2
11.03,920.259,241.327,60.2
11.04,922.672,241.201,60.2
11.05,925.084,241.075,60.2
11.06,927.495,240.95,60.2
11.07,929.905,240.824,60.2
11.08,932.313,240.698,60.2
11.09,934.72,240.573,60.2
11.1,937.126,240.447,60.2
11.11,939.53,240.321,60.2
11.12,941.933,240.196,60.2
11.13,944.335,240.07,60.2
11.14,946.736,239.945,60.2
11.15,949.135,239.82,60.2
11.16,951.534,239.694,60.2
11.17,953.931,239.569,60.2
11.18,956.326,239.444,60.2
11.19,958.721,239.318,60.2
11.2,961.114,239.193,60.2
11.21,963.506,239.068,60.2
11.22,965.896,238.943,60.2
11.23,968.286,238.818,60.2
11.24,970.674,238.692,60.2
11.25,973.061,238.567,60.2
11.26,975.447,238.442,60.2
11.27,977.831,238.317,60.2
11.28,980.214,238.193,60.2
11.29,982.596,238.068,60.2
11.3,984.977,237.943,60.2
11.31,987.356,237.818,60.2
11.32,989.734,237.693,60.2
11.33,992.111,237.568,60.2
11.34,994.487,237.444,60.2
11.35,996.862,237.319,60.2
11.36,999.235,237.194,60.2
11.37,1001.61,237.07,60.2
11.38,1003.98,236.945,60.2
11.39,1006.35,236.821,60.2
11.4,1008.72,236.696,60.2
11.41,1011.08,236.572,60.2
11.42,1013.45,236.447,60.2
11.43,1015.81,236.323,60.2
11.44,1018.18,236.198,60.2
11.45,1020.54,236.074,60.2
11.46,1022.9,235.95,60.2
11.47,1025.26,235.826,60.2
11.48,1027.62,235.701,60.2
11.49,1029.97,235.577,60.2
11.5,1032.33,235.453,60.2
11.51,1034.68,235.329,60.2
11.52,1037.04,235.205,60.2
11.53,1039.39,235.081,60.2
11.54,1041.74,234.957,60.2
11.55,1044.09,234.833,60.2
11.56,1046.44,234.709,60.2
11.57,1048.78,234.585,60.2
11.58,1051.13,234.461,60.2
11.59,1053.47,234.337,60.2
11.6,1055.82,234.213,60.2
11.61,1058.16,234.089,60.2
11.62,1060.5,233.966,60.2
11.63,1062.84,233.842,60.2
11.64,1065.18,233.718,60.2
11.65,1067.52,233.595,60.2
11.66,1069.85,233.471,60.2
11.67,1072.19,233.348,60.2
11.68,1074.52,233.224,60.2
11.69,1076.85,233.101,60.2
11.7,1079.18,232.977,60.2
11.71,1081.51,232.854,60.2
11.72,1083.84,232.73,60.2
11.73,1086.17,232.607,60.2
11.74,1088.5,232.484,60.2
11.75,1090.82,232.36,60.2
11.76,1093.14,232.237,60.2
11.77,1095.47,232.114,60.2
11.78,1097.79,231.991,60.2
11.79,1100.11,231.867,60.2
11.8,1102.43,231.744,60.2
11.81,1104.74,231.621,60.2
11.82,1107.06,231.498,60.2
11.83,1109.37,231.375,60.2
11.84,1111.69,231.252,60.2
11.85,1114,231.129,60.2
11.86,1116.31,231.006,60.2
11.87,1118.62,230.883,60.2
11.88,1120.93,230.76,60.2
11.89,1123.24,230.638,60.2
11.9,1125.55,230.515,60.2
11.91,1127.85,230.392,60.2
11.92,1130.15,230.269,60.2
11.93,1132.46,230.147,60.2
11.94,1134.76,230.024,60.2
11.95,1137.06,229.901,60.2
11.96,1139.36,229.779,60.2
11.97,1141.66,229.656,60.2
11.98,1143.95,229.534,60.2
11.99,1146.25,229.411,60.2
12,1148.54,229.289,60.2
12.01,1150.83,229.166,60.2
12.02,1153.13,229.044,60.2
12.03,1155.42,228.921,60.2
12.04,1157.71,228.799,60.2
12.05,1159.99,228.677,60.2
12.06,1162.28,228.555,60.2
12.07,1164.57,228.432,60.2
12.08,1166.85,228.31,60.2
12.09,1169.13,228.188,60.2
12.1,1171.42,228.066,60.2
12.11,1173.7,227.944,60.2
12.12,1175.98,227.822,60.2
12.13,1178.25,227.7,60.2
12.14,1180.53,227.578,60.2
12.15,1182.81,227.456,60.2
12.16,1185.08,227.334,60.2
12.17,1187.35,227.212,60.2
12.18,1189.63,227.09,60.2
12.19,1191.9,226.968,60.2
12.2,1194.17,226.846,60.2
12.21,1196.44,226.724,60.2
12.22,1198.7,226.603,60.2
12.23,1200.97,226.481,60.2
12.24,1203.23,226.359,60.2
12.25,1205.5,226.238,60.2
12.26,1207.76,226.116,60.2
12.27,1210.02,225.994,60.2
12.28,1212.28,225.873,60.2
12.29,1214.54,225.751,60.2
12.3,1216.8,225.63,60.2
12.31,1219.05,225.508,60.2
12.32,1221.31,225.387,60.2
12.33,1223.56,225.266,60.2
12.34,1225.81,225.144,60.2
12.35,1228.07,225.023,60.2
12.36,1230.32,224.902,60.2
12.37,1232.57,224.78,60.2
12.38,1234.81,224.659,60.2
12.39,1237.06,224.538,60.2
12.4,1239.31,224.417,60.2
12.41,1241.55,224.296,60.2
12.42,1243.79,224.174,60.2
12.43,1246.03,224.053,60.2
12.44,1248.27,223.932,60.2
12.45,1250.51,223.811,60.2
12.46,1252.75,223.69,60.2
12.47,1254.99,223.569,60.2
12.48,1257.22,223.448,60.2
12.49,1259.46,223.327,60.2
12.5,1261.69,223.207,60.2
12.51,1263.92,223.086,60.2
12.52,1266.16,222.965,60.2
12.53,1268.38,222.844,60.2
12.54,1270.61,222.723,60.2
12.55,1272.84,222.603,60.2
12.56,1275.07,222.482,60.2
12.57,1277.29,222.361,60.2
12.58,1279.51,222.241,60.2
12.59,1281.74,222.12,60.2
12.6,1283.96,222,60.2
12.61,1286.18,221.879,60.2
12.62,1288.4,221.759,60.2
12.63,1290.61,221.638,60.2
12.64,1292.83,221.518,60.2
12.65,1295.05,221.397,60.2
12.66,1297.26,221.277,60.2
12.67,1299.47,221.156,60.2
12.68,1301.68,221.036,60.2
12.69,1303.9,220.916,60.2
12.7,1306.1,220.796,60.2
12.71,1308.31,220.675,60.2
12.72,1310.52,220.555,60.2
12.73,1312.72,220.435,60.2
12.74,1314.93,220.315,60.2
12.75,1317.13,220.195,60.2
12.76,1319.33,220.075,60.2
12.77,1321.53,219.955,60.2
12.78,1323.73,219.835,60.2
12.79,1325.93,219.715,60.2
12.8,1328.13,219.595,60.2
12.81,1330.33,219.475,60.2
12.82,1332.52,219.355,60.2
12.83,1334.71,219.235,60.2
12.84,1336.91,219.115,60.2
12.85,1339.1,218.995,60.2
12.86,1341.29,218.876,60.2
12.87,1343.48,218.756,60.2
12.88,1345.66,218.636,60.2
12.89,1347.85,218.516,60.2
12.9,1350.04,218.397,60.2
12.91,1352.22,218.277,60.2
12.92,1354.4,218.157,60.2
12.93,1356.58,218.038,60.2
12.94,1358.76,217.918,60.2
12.95,1360.94,217.799,60.2
12.96,1363.12,217.679,60.2
12.97,1365.3,217.56,60.2
12.98,1367.47,217.44,60.2
12.99,1369.65,217.321,60.2
13,1371.82,217.202,60.2
13.01,1373.99,217.082,60.2
13.02,1376.16,216.963,60.2
13.03,1378.33,216.844,60.2
13.04,1380.5,216.724,60.2
13.05,1382.67,216.605,60.2
13.06,1384.84,216.486,60.2
13.07,1387,216.367,60.2
13.08,1389.16,216.248,60.2
13.09,1391.33,216.129,60.2
13.1,1393.49,216.01,60.2
13.11,1395.65,215.891,60.2
13.12,1397.81,215.771,60.2
13.13,1399.96,215.653,60.2
13.14,1402.12,215.534,60.2
13.15,1404.28,215.415,60.2
13.16,1406.43,215.296,60.2
13.17,1408.58,215.177,60.2
13.18,1410.74,215.058,60.2
13.19,1412.89,214.939,60.2
13.2,1415.04,214.82,60.2
13.21,1417.18,214.702,60.2
13.22,1419.33,214.583,60.2
13.23,1421.48,214.464,60.2
13.24,1423.62,214.345,60.2
13.25,1425.76,214.227,60.2
13.26,1427.91,214.108,60.2
13.27,1430.05,213.99,60.2
13.28,1432.19,213.871,60.2
13.29,1434.33,213.752,60.2
13.3,1436.46,213.634,60.2
13.31,1438.6,213.515,60.2
13.32,1440.74,213.397,60.2
13.33,1442.87,213.279,60.2
13.34,1445,213.16,60.2
13.35,1447.13,213.042,60.2
13.36,1449.26,212.923,60.2
13.37,1451.39,212.805,60.2
13.38,1453.52,212.687,60.2
13.39,1455.65,212.569,60.2
13.4,1457.77,212.45,60.2
13.41,1459.9,212.332,60.2
13.42,1462.02,212.214,60.2
13.43,1464.14,212.096,60.2
13.44,1466.26,211.978,60.2
13.45,1468.38,211.86,60.2
13.46,1470.5,211.742,60.2
13.47,1472.62,211.623,60.2
13.48,1474.74,211.505,60.2
13.49,1476.85,211.387,60.2
13.5,1478.97,211.27,60.2
13.51,1481.08,211.152,60.2
13.52,1483.19,211.034,60.2
13.53,1485.3,210.916,60.2
13.54,1487.41,210.798,60.2
13.55,1489.52,210.68,60.2
13.56,1491.62,210.562,60.2
13.57,1493.73,210.445,60.2
13.58,1495.83,210.327,60.2
13.59,1497.94,210.209,60.2
13.6,1500.04,210.091,60.2
13.61,1502.14,209.974,60.2
13.62,1504.24,209.856,60.2
13.63,1506.34,209.739,60.2
13.64,1508.44,209.621,60.2
13.65,1510.53,209.503,60.2
13.66,1512.63,209.386,60.2
13.67,1514.72,209.268,60.2
13.68,1516.81,209.151,60.2
13.69,1518.91,209.033,60.2
13.7,1521,208.916,60.2
13.71,1523.09,208.799,60.2
13.72,1525.17,208.681,60.2
13.73,1527.26,208.564,60.2
13.74,1529.35,208.447,60.2
13.75,1531.43,208.329,60.2
13.76,1533.51,208.212,60.2
13.77,1535.6,208.095,60.2
13.78,1537.68,207.978,60.2
13.79,1539.76,207.861,60.2
13.8,1541.83,207.743,60.2
13.81,1543.91,207.626,60.2
13.82,1545.99,207.509,60.2
13.83,1548.06,207.392,60.2
13.84,1550.14,207.275,60.2
13.85,1552.21,207.158,60.2
13.86,1554.28,207.041,60.2
13.87,1556.35,206.924,60.2
13.88,1558.42,206.807,60.2
13.89,1560.49,206.69,60.2
13.9,1562.56,206.573,60.2
13.91,1564.62,206.456,60.2
13.92,1566.69,206.34,60.2
13.93,1568.75,206.223,60.2
13.94,1570.81,206.106,60.2
13.95,1572.87,205.989,60.2
13.96,1574.93,205.873,60.2
13.97,1576.99,205.756,60.2
13.98,1579.05,205.639,60.2
13.99,1581.11,205.522,60.2
14,1583.16,205.406,60.2
14.01,1585.22,205.289,60.2
14.02,1587.27,205.173,60.2
14.03,1589.32,205.056,60.2
14.04,1591.37,204.94,60.2
14.05,1593.42,204.823,60.2
14.06,1595.47,204.707,60.2
14.07,1597.52,204.59,60.2
14.08,1599.56,204.474,60.2
14.09,1601.61,204.357,60.2
14.1,1603.65,204.241,60.2
14.11,1605.69,204.125,60.2
14.12,1607.73,204.008,60.2
14.13,1609.77,203.892,60.2
14.14,1611.81,203.776,60.2
14.15,1613.85,203.659,60.2
14.16,1615.89,203.543,60.2
14.17,1617.92,203.427,60.2
14.18,1619.96,203.311,60.2
14.19,1621.99,203.195,60.2
14.2,1624.02,203.079,60.2
14.21,1626.05,202.963,60.2
14.22,1628.08,202.846,60.2
14.23,1630.11,202.73,60.2
14.24,1632.14,202.614,60.2
14.25,1634.16,202.498,60.2
14.26,1636.19,202.382,60.2
14.27,1638.21,202.267,60.2
14.28,1640.23,202.151,60.2
14.29,1642.26,202.035,60.2
14.3,1644.28,201.919,60.2
14.31,1646.3,201.803,60.2
14.32,1648.31,201.687,60.2
14.33,1650.33,201.571,60.2
14.34,1652.35,201.456,60.2
14.35,1654.36,201.34,60.2
14.36,1656.37,201.224,60.2
14.37,1658.39,201.108,60.2
14.38,1660.4,200.993,60.2
14.39,1662.41,200.877,60.2
14.4,1664.42,200.762,60.2
14.41,1666.42,200.646,60.2
14.42,1668.43,200.53,60.2
14.43,1670.44,200.415,60.2
14.44,1672.44,200.299,60.2
14.45,1674.44,200.184,60.2
14.46,1676.44,200.068,60.2
14.47,1678.45,199.953,60.2
14.48,1680.45,199.837,60.2
14.49,1682.44,199.722,60.2
14.5,1684.44,199.607,60.2
14.51,1686.44,199.491,60.2
14.52,1688.43,199.376,60.2
14.53,1690.43,199.261,60.2
14.54,1692.42,199.145,60.2
14.55,1694.41,199.03,60.2
14.56,1696.4,198.915,60.2
14.57,1698.39,198.8,60.2
14.58,1700.38,198.685,60.2
14.59,1702.36,198.569,60.2
14.6,1704.35,198.454,60.2
14.61,1706.33,198.339,60.2
14.62,1708.32,198.224,60.2
14.63,1710.3,198.109,60.2
14.64,1712.28,197.994,60.2
14.65,1714.26,197.879,60.2
14.66,1716.24,197.764,60.2
14.67,1718.22,197.649,60.2
14.68,1720.19,197.534,60.2
14.69,1722.17,197.419,60.2
14.7,1724.14,197.304,60.2
14.71,1726.12,197.189,60.2
14.72,1728.09,197.074,60.2
14.73,1730.06,196.96,60.2
14.74,1732.03,196.845,60.2
14.75,1734,196.73,60.2
14.76,1735.96,196.615,60.2
14.77,1737.93,196.501,60.2
14.78,1739.9,196.386,60.2
14.79,1741.86,196.271,60.2
14.8,1743.82,196.157,60.2
14.81,1745.78,196.042,60.2
14.82,1747.74,195.927,60.2
14.83,1749.7,195.813,60.2
14.84,1751.66,195.698,60.2
14.85,1753.62,195.584,60.2
14.86,1755.57,195.469,60.2
14.87,1757.53,195.355,60.2
14.88,1759.48,195.24,60.2
14.89,1761.43,195.126,60.2
14.9,1763.39,195.011,60.2
14.91,1765.34,194.897,60.2
14.92,1767.28,194.782,60.2
14.93,1769.23,194.668,60.2
14.94,1771.18,194.554,60.2
14.95,1773.13,194.439,60.2
14.96,1775.07,194.325,60.2
14.97,1777.01,194.211,60.2
14.98,1778.95,194.097,60.2
14.99,1780.9,193.982,60.2
15,1782.84,193.868,60.2
15.01,1784.77,193.754,60.2
15.02,1786.71,193.64,60.2
15.03,1788.65,193.526,60.2
15.04,1790.58,193.412,60.2
15.05,1792.52,193.298,60.2
15.06,1794.45,193.184,60.2
15.07,1796.38,193.07,60.2
15.08,1798.31,192.956,60.2
15.09,1800.24,192.842,60.2
15.1,1802.17,192.728,60.2
15.11,1804.1,192.614,60.2
15.12,1806.02,192.5,60.2
15.13,1807.95,192.386,60.2
15.14,1809.87,192.272,60.2
15.15,1811.8,192.158,60.2
15.16,1813.72,192.044,60.2
15.17,1815.64,191.93,60.2
15.18,1817.56,191.817,60.2
15.19,1819.48,191.703,60.2
15.2,1821.39,191.589,60.2
15.21,1823.31,191.475,60.2
15.22,1825.22,191.362,60.2
15.23,1827.14,191.248,60.2
15.24,1829.05,191.134,60.2
15.25,1830.96,191.021,60.2
15.26,1832.87,190.907,60.2
15.27,1834.78,190.794,60.2
15.28,1836.69,190.68,60.2
15.29,1838.59,190.566,60.2
15.3,1840.5,190.453,60.2
15.31,1842.4,190.339,60.2
15.32,1844.31,190.226,60.2
15.33,1846.21,190.112,60.2
15.34,1848.11,189.999,60.2
15.35,1850.01,189.886,60.2
15.36,1851.91,189.772,60.2
15.37,1853.81,189.659,60.2
15.38,1855.7,189.546,60.2
15.39,1857.6,189.432,60.2
15.4,1859.49,189.319,60.2
15.41,1861.39,189.206,60.2
15.42,1863.28,189.092,60.2
15.43,1865.17,188.979,60.2
15.44,1867.06,188.866,60.2
15.45,1868.95,188.753,60.2
15.46,1870.84,188.64,60.2
15.47,1872.72,188.526,60.2
15.48,1874.61,188.413,60.2
15.49,1876.49,188.3,60.2
15.5,1878.38,188.187,60.2
15.51,1880.26,188.074,60.2
15.52,1882.14,187.961,60.2
15.53,1884.02,187.848,60.2
15.54,1885.9,187.735,60.2
15.55,1887.77,187.622,60.2
15.56,1889.65,187.509,60.2
15.57,1891.52,187.396,60.2
15.58,1893.4,187.283,60.2
15.59,1895.27,187.17,60.2
15.6,1897.14,187.057,60.2
15.61,1899.01,186.945,60.2
15.62,1900.88,186.832,60.2
15.63,1902.75,186.719,60.2
15.64,1904.62,186.606,60.2
15.65,1906.48,186.493,60.2
15.66,1908.35,186.381,60.2
15.67,1910.21,186.268,60.2
15.68,1912.08,186.155,60.2
15.69,1913.94,186.043,60.2
15.7,1915.8,185.93,60.2
15.71,1917.66,185.817,60.2
15.72,1919.52,185.705,60.2
15.73,1921.37,185.592,60.2
15.74,1923.23,185.48,60.2
15.75,1925.08,185.367,60.2
15.76,1926.94,185.255,60.2
15.77,1928.79,185.142,60.2
15.78,1930.64,185.03,60.2
15.79,1932.49,184.917,60.2
15.8,1934.34,184.805,60.2
15.81,1936.19,184.692,60.2
15.82,1938.04,184.58,60.2
15.83,1939.88,184.467,60.2
15.84,1941.73,184.355,60.2
15.85,1943.57,184.243,60.2
15.86,1945.41,184.13,60.2
15.87,1947.25,184.018,60.2
15.88,1949.09,183.906,60.2
15.89,1950.93,183.794,60.2
15.9,1952.77,183.681,60.2
15.91,1954.61,183.569,60.2
15.92,1956.44,183.457,60.2
15.93,1958.28,183.345,60.2
15.94,1960.11,183.233,60.2
15.95,1961.94,183.12,60.2
15.96,1963.77,183.008,60.2
15.97,1965.6,182.896,60.2
15.98,1967.43,182.784,60.2
15.99,1969.26,182.672,60.2
16,1971.09,182.56,60.2
16.01,1972.91,182.448,60.2
16.02,1974.74,182.336,60.2
16.03,1976.56,182.224,60.2
16.04,1978.38,182.112,60.2
16.05,1980.21,182,60.2
16.06,1982.03,181.888,60.2
16.07,1983.84,181.776,60.2
16.08,1985.66,181.665,60.2
16.09,1987.48,181.553,60.2
16.1,1989.29,181.441,60.2
16.11,1991.11,181.329,60.2
16.12,1992.92,181.217,60.2
16.13,1994.73,181.105,60.2
16.14,1996.54,180.994,60.2
16.15,1998.35,180.882,60.2
16.16,2000.16,180.77,60.2
16.17,2001.97,180.659,60.2
16.18,2003.78,180.547,60.2
16.19,2005.58,180.435,60.2
16.2,2007.39,180.324,60.2
16.21,2009.19,180.212,60.2
16.22,2010.99,180.1,60.2
16.23,2012.79,179.989,60.2
16.24,2014.59,179.877,60.2
16.25,2016.39,179.766,60.2
16.26,2018.19,179.654,60.2
16.27,2019.99,179.543,60.2
16.28,2021.78,179.431,60.2
16.29,2023.58,179.32,60.2
16.3,2025.37,179.208,60.2
16.31,2027.16,179.097,60.2
16.32,2028.95,178.986,60.2
16.33,2030.74,178.874,60.2
16.34,2032.53,178.763,60.2
16.35,2034.32,178.652,60.2
16.36,2036.11,178.54,60.2
16.37,2037.89,178.429,60.2
16.38,2039.68,178.318,60.2
16.39,2041.46,178.206,60.2
16.4,2043.24,178.095,60.2
16.41,2045.02,177.984,60.2
16.42,2046.8,177.873,60.2
16.43,2048.58,177.762,60.2
16.44,2050.36,177.65,60.2
16.45,2052.13,177.539,60.2
16.46,2053.91,177.428,60.2
16.47,2055.68,177.317,60.2
16.48,2057.46,177.206,60.2
16.49,2059.23,177.095,60.2
16.5,2061,176.984,60.2
16.51,2062.77,176.873,60.2
16.52,2064.54,176.762,60.2
16.53,2066.31,176.651,60.2
16.54,2068.07,176.54,60.2
16.55,2069.84,176.429,60.2
16.56,2071.6,176.318,60.2
16.57,2073.37,176.207,60.2
16.58,2075.13,176.096,60.2
16.59,2076.89,175.985,60.2
16.6,2078.65,175.874,60.2
16.61,2080.41,175.764,60.2
16.62,2082.16,175.653,60.2
16.63,2083.92,175.542,60.2
16.64,2085.68,175.431,60.2
16.65,2087.43,175.321,60.2
16.66,2089.18,175.21,60.2
16.67,2090.94,175.099,60.2
16.68,2092.69,174.988,60.2
16.69,2094.44,174.878,60.2
16.7,2096.19,174.767,60.2
16.71,2097.93,174.656,60.2
16.72,2099.68,174.546,60.2
16.73,2101.43,174.435,60.2
16.74,2103.17,174.325,60.2
16.75,2104.91,174.214,60.2
16.76,2106.66,174.103,60.2
16.77,2108.4,173.993,60.2
16.78,2110.14,173.882,60.2
16.79,2111.88,173.772,60.2
16.8,2113.61,173.661,60.2
16.81,2115.35,173.551,60.2
16.82,2117.09,173.44,60.2
16.83,2118.82,173.33,60.2
16.84,2120.55,173.22,60.2
16.85,2122.29,173.109,60.2
16.86,2124.02,172.999,60.2
16.87,2125.75,172.889,60.2
16.88,2127.48,172.778,60.2
16.89,2129.2,172.668,60.2
16.9,2130.93,172.558,60.2
16.91,2132.66,172.447,60.2
16.92,2134.38,172.337,60.2
16.93,2136.1,172.227,60.2
16.94,2137.83,172.117,60.2
16.95,2139.55,172.006,60.2
16.96,2141.27,171.896,60.2
16.97,2142.99,171.786,60.2
16.98,2144.7,171.676,60.2
16.99,2146.42,171.566,60.2
17,2148.14,171.456,60.2
17.01,2149.85,171.346,60.2
17.02,2151.56,171.235,60.2
17.03,2153.28,171.125,60.2
17.04,2154.99,171.015,60.2
17.05,2156.7,170.905,60.2
17.06,2158.41,170.795,60.2
17.07,2160.11,170.685,60.2
17.08,2161.82,170.575,60.2
17.09,2163.53,170.465,60.2
17.1,2165.23,170.355,60.2
17.11,2166.94,170.245,60.2
17.12,2168.64,170.136,60.2
17.13,2170.34,170.026,60.2
17.14,2172.04,169.916,60.2
17.15,2173.74,169.806,60.2
17.16,2175.44,169.696,60.2
17.17,2177.13,169.586,60.2
17.18,2178.83,169.477,60.2
17.19,2180.52,169.367,60.2
17.2,2182.22,169.257,60.2
17.21,2183.91,169.147,60.2
17.22,2185.6,169.037,60.2
17.23,2187.29,168.928,60.2
17.24,2188.98,168.818,60.2
17.25,2190.67,168.708,60.2
17.26,2192.36,168.599,60.2
17.27,2194.04,168.489,60.2
17.28,2195.73,168.379,60.2
17.29,2197.41,168.27,60.2
17.3,2199.09,168.16,60.2
17.31,2200.78,168.051,60.2
17.32,2202.46,167.941,60.2
17.33,2204.14,167.832,60.2
17.34,2205.81,167.722,60.2
17.35,2207.49,167.613,60.2
17.36,2209.17,167.503,60.2
17.37,2210.84,167.394,60.2
17.38,2212.52,167.284,60.2
17.39,2214.19,167.175,60.2
17.4,2215.86,167.065,60.2
17.41,2217.53,166.956,60.2
17.42,2219.2,166.846,60.2
17.43,2220.87,166.737,60.2
17.44,2222.54,166.628,60.2
17.45,2224.2,166.518,60.2
17.46,2225.87,166.409,60.2
17.47,2227.53,166.3,60.2
17.48,2229.2,166.191,60.2
17.49,2230.86,166.081,60.2
17.5,2232.52,165.972,60.2
17.51,2234.18,165.863,60.2
17.52,2235.84,165.754,60.2
17.53,2237.49,165.644,60.2
17.54,2239.15,165.535,60.2
17.55,2240.81,165.426,60.2
17.56,2242.46,165.317,60.2
17.57,2244.11,165.208,60.2
17.58,2245.77,165.099,60.2
17.59,2247.42,164.989,60.2
17.6,2249.07,164.88,60.2
17.61,2250.72,164.771,60.2
17.62,2252.36,164.662,60.2
17.63,2254.01,164.553,60.2
17.64,2255.65,164.444,60.2
17.65,2257.3,164.335,60.2
17.66,2258.94,164.226,60.2
17.67,2260.58,164.117,60.2
17.68,2262.23,164.008,60.2
17.69,2263.87,163.899,60.2
17.7,2265.51,163.791,60.2
17.71,2267.14,163.682,60.2
17.72,2268.78,163.573,60.2
17.73,2270.42,163.464,60.2
17.74,2272.05,163.355,60.2
17.75,2273.68,163.246,60.2
17.76,2275.32,163.137,60.2
17.77,2276.95,163.029,60.2
17.78,2278.58,162.92,60.2
17.79,2280.21,162.811,60.2
17.8,2281.84,162.702,60.2
17.81,2283.46,162.594,60.2
17.82,2285.09,162.485,60.2
17.83,2286.71,162.376,60.2
17.84,2288.34,162.267,60.2
17.85,2289.96,162.159,60.2
17.86,2291.58,162.05,60.2
17.87,2293.2,161.942,60.2
17.88,2294.82,161.833,60.2
17.89,2296.44,161.724,60.2
17.9,2298.06,161.616,60.2
17.91,2299.67,161.507,60.2
17.92,2301.29,161.399,60.2
17.93,2302.9,161.29,60.2
17.94,2304.51,161.182,60.2
17.95,2306.13,161.073,60.2
17.96,2307.74,160.965,60.2
17.97,2309.35,160.856,60.2
17.98,2310.96,160.748,60.2
17.99,2312.56,160.639,60.2
18,2314.17,160.531,60.2
18.01,2315.77,160.422,60.2
18.02,2317.38,160.314,60.2
18.03,2318.98,160.206,60.2
18.04,2320.58,160.097,60.2
18.05,2322.19,159.989,60.2
18.06,2323.78,159.881,60.2
18.07,2325.38,159.772,60.2
18.08,2326.98,159.664,60.2
18.09,2328.58,159.556,60.2
18.1,2330.17,159.447,60.2
18.11,2331.77,159.339,60.2
18.12,2333.36,159.231,60.2
18.13,2334.95,159.123,60.2
18.14,2336.55,159.015,60.2
18.15,2338.14,158.906,60.2
18.16,2339.72,158.798,60.2
18.17,2341.31,158.69,60.2
18.18,2342.9,158.582,60.2
18.19,2344.48,158.474,60.2
18.2,2346.07,158.366,60.2
18.21,2347.65,158.258,60.2
18.22,2349.24,158.15,60.2
18.23,2350.82,158.041,60.2
18.24,2352.4,157.933,60.2
18.25,2353.98,157.825,60.2
18.26,2355.56,157.717,60.2
18.27,2357.13,157.609,60.2
18.28,2358.71,157.501,60.2
18.29,2360.28,157.393,60.2
18.3,2361.86,157.286,60.2
18.31,2363.43,157.178,60.2
18.32,2365,157.07,60.2
18.33,2366.57,156.962,60.2
18.34,2368.14,156.854,60.2
18.35,2369.71,156.746,60.2
18.36,2371.28,156.638,60.2
18.37,2372.84,156.53,60.2
18.38,2374.41,156.423,60.2
18.39,2375.97,156.315,60.2
18.4,2377.54,156.207,60.2
18.41,2379.1,156.099,60.2
18.42,2380.66,155.991,60.2
18.43,2382.22,155.884,60.2
18.44,2383.78,155.776,60.2
18.45,2385.34,155.668,60.2
18.46,2386.89,155.56,60.2
18.47,2388.45,155.453,60.2
18.48,2390,155.345,60.2
18.49,2391.56,155.237,60.2
18.5,2393.11,155.13,60.2
18.51,2394.66,155.022,60.2
18.52,2396.21,154.915,60.2
18.53,2397.76,154.807,60.2
18.54,2399.31,154.699,60.2
18.55,2400.86,154.592,60.2
18.56,2402.4,154.484,60.2
18.57,2403.95,154.377,60.2
18.58,2405.49,154.269,60.2
18.59,2407.03,154.162,60.2
18.6,2408.57,154.054,60.2
18.61,2410.11,153.947,60.2
18.62,2411.65,153.839,60.2
18.63,2413.19,153.732,60.2
18.64,2414.73,153.624,60.2
18.65,2416.27,153.517,60.2
18.66,2417.8,153.41,60.2
18.67,2419.34,153.302,60.2
18.68,2420.87,153.195,60.2
18.69,2422.4,153.087,60.2
18.7,2423.93,152.98,60.2
18.71,2425.46,152.873,60.2
18.72,2426.99,152.765,60.2
18.73,2428.52,152.658,60.2
18.74,2430.04,152.551,60.2
18.75,2431.57,152.444,60.2
18.76,2433.09,152.336,60.2
18.77,2434.62,152.229,60.2
18.78,2436.14,152.122,60.2
18.79,2437.66,152.015,60.2
18.8,2439.18,151.907,60.2
18.81,2440.7,151.8,60.2
18.82,2442.22,151.693,60.2
18.83,2443.74,151.586,60.2
18.84,2445.25,151.479,60.2
18.85,2446.77,151.372,60.2
18.86,2448.28,151.265,60.2
18.87,2449.79,151.157,60.2
18.88,2451.3,151.05,60.2
18.89,2452.81,150.943,60.2
18.9,2454.32,150.836,60.2
18.91,2455.83,150.729,60.2
18.92,2457.34,150.622,60.2
18.93,2458.85,150.515,60.2
18.94,2460.35,150.408,60.2
18.95,2461.85,150.301,60.2
18.96,2463.36,150.194,60.2
18.97,2464.86,150.087,60.2
18.98,2466.36,149.98,60.2
18.99,2467.86,149.873,60.2
19,2469.36,149.766,60.2
19.01,2470.86,149.66,60.2
19.02,2472.35,149.553,60.2
19.03,2473.85,149.446,60.2
19.04,2475.34,149.339,60.2
19.05,2476.84,149.232,60.2
19.06,2478.33,149.125,60.2
19.07,2479.82,149.018,60.2
19.08,2481.31,148.912,60.2
19.09,2482.8,148.805,60.2
19.1,2484.29,148.698,60.2
19.11,2485.77,148.591,60.2
19.12,2487.26,148.485,60.2
19.13,2488.75,148.378,60.2
19.14,2490.23,148.271,60.2
19.15,2491.71,148.164,60.2
19.16,2493.19,148.058,60.2
19.17,2494.67,147.951,60.2
19.18,2496.15,147.844,60.2
19.19,2497.63,147.738,60.2
19.2,2499.11,147.631,60.2
19.21,2500.59,147.525,60.2
19.22,2502.06,147.418,60.2
19.23,2503.54,147.311,60.2
19.24,2505.01,147.205,60.2
19.25,2506.48,147.098,60.2
19.26,2507.95,146.992,60.2
19.27,2509.42,146.885,60.2
19.28,2510.89,146.779,60.2
19.29,2512.36,146.672,60.2
19.3,2513.82,146.566,60.2
19.31,2515.29,146.459,60.2
19.32,2516.75,146.353,60.2
19.33,2518.22,146.246,60.2
19.34,2519.68,146.14,60.2
19.35,2521.14,146.033,60.2
19.36,2522.6,145.927,60.2
19.37,2524.06,145.821,60.2
19.38,2525.52,145.714,60.2
19.39,2526.98,145.608,60.2
19.4,2528.43,145.501,60.2
19.41,2529.89,145.395,60.2
19.42,2531.34,145.289,60.2
19.43,2532.8,145.182,60.2
19.44,2534.25,145.076,60.2
19.45,2535.7,144.97,60.2
19.46,2537.15,144.864,60.2
19.47,2538.6,144.757,60.2
19.48,2540.04,144.651,60.2
19.49,2541.49,144.545,60.2
19.5,2542.94,144.439,60.2
19.51,2544.38,144.332,60.2
19.52,2545.82,144.226,60.2
19.53,2547.27,144.12,60.2
19.54,2548.71,144.014,60.2
19.55,2550.15,143.908,60.2
19.56,2551.59,143.802,60.2
19.57,2553.02,143.695,60.2
19.58,2554.46,143.589,60.2
19.59,2555.9,143.483,60.2
19.6,2557.33,143.377,60.2
19.61,2558.77,143.271,60.2
19.62,2560.2,143.165,60.2
19.63,2561.63,143.059,60.2
19.64,2563.06,142.953,60.2
19.65,2564.49,142.847,60.2
19.66,2565.92,142.741,60.2
19.67,2567.35,142.635,60.2
19.68,2568.77,142.529,60.2
19.69,2570.2,142.423,60.2
19.7,2571.62,142.317,60.2
19.71,2573.04,142.211,60.2
19.72,2574.47,142.105,60.2
19.73,2575.89,141.999,60.2
19.74,2577.31,141.893,60.2
19.75,2578.73,141.788,60.2
19.76,2580.14,141.682,60.2
19.77,2581.56,141.576,60.2
19.78,2582.98,141.47,60.2
19.79,2584.39,141.364,60.2
19.8,2585.81,141.258,60.2
19.81,2587.22,141.152,60.2
19.82,2588.63,141.047,60.2
19.83,2590.04,140.941,60.2
19.84,2591.45,140.835,60.2
19.85,2592.86,140.729,60.2
19.86,2594.27,140.624,60.2
19.87,2595.67,140.518,60.2
19.88,2597.08,140.412,60.2
19.89,2598.48,140.307,60.2
19.9,2599.88,140.201,60.2
19.91,2601.29,140.095,60.2
19.92,2602.69,139.989,60.2
19.93,2604.09,139.884,60.2
19.94,2605.49,139.778,60.2
19.95,2606.88,139.673,60.2
19.96,2608.28,139.567,60.2
19.97,2609.68,139.461,60.2
19.98,2611.07,139.356,60.2
19.99,2612.46,139.25,60.2
20,2613.86,139.145,60.2
20.01,2615.25,139.039,60.2
20.02,2616.64,138.934,60.2
20.03,2618.03,138.828,60.2
20.04,2619.42,138.722,60.2
20.05,2620.8,138.617,60.2
20.06,2622.19,138.512,60.2
20.07,2623.57,138.406,60.2
20.08,2624.96,138.301,60.2
20.09,2626.34,138.195,60.2
20.1,2627.72,138.09,60.2
20.11,2629.1,137.984,60.2
20.12,2630.48,137.879,60.2
20.13,2631.86,137.773,60.2
20.14,2633.24,137.668,60.2
20.15,2634.62,137.563,60.2
20.16,2635.99,137.457,60.2
20.17,2637.37,137.352,60.2
20.18,2638.74,137.247,60.2
20.19,2640.11,137.141,60.2
20.2,2641.49,137.036,60.2
20.21,2642.86,136.931,60.2
20.22,2644.22,136.825,60.2
20.23,2645.59,136.72,60.2
20.24,2646.96,136.615,60.2
20.25,2648.33,136.51,60.2
20.26,2649.69,136.404,60.2
20.27,2651.06,136.299,60.2
20.28,2652.42,136.194,60.2
20.29,2653.78,136.089,60.2
20.3,2655.14,135.984,60.2
20.31,2656.5,135.878,60.2
20.32,2657.86,135.773,60.2
20.33,2659.22,135.668,60.2
20.34,2660.57,135.563,60.2
20.35,2661.93,135.458,60.2
20.36,2663.28,135.353,60.2
20.37,2664.64,135.247,60.2
20.38,2665.99,135.142,60.2
20.39,2667.34,135.037,60.2
20.4,2668.69,134.932,60.2
20.41,2670.04,134.827,60.2
20.42,2671.39,134.722,60.2
20.43,2672.74,134.617,60.2
20.44,2674.08,134.512,60.2
20.45,2675.43,134.407,60.2
20.46,2676.77,134.302,60.2
20.47,2678.12,134.197,60.2
20.48,2679.46,134.092,60.2
20.49,2680.8,133.987,60.2
20.5,2682.14,133.882,60.2
20.51,2683.48,133.777,60.2
20.52,2684.81,133.672,60.2
20.53,2686.15,133.567,60.2
20.54,2687.49,133.462,60.2
20.55,2688.82,133.358,60.2
20.56,2690.16,133.253,60.2
20.57,2691.49,133.148,60.2
20.58,2692.82,133.043,60.2
20.59,2694.15,132.938,60.2
20.6,2695.48,132.833,60.2
20.61,2696.81,132.728,60.2
20.62,2698.13,132.624,60.2
20.63,2699.46,132.519,60.2
20.64,2700.79,132.414,60.2
20.65,2702.11,132.309,60.2
20.66,2703.43,132.205,60.2
20.67,2704.76,132.1,60.2
20.68,2706.08,131.995,60.2
20.69,2707.4,131.89,60.2
20.7,2708.72,131.786,60.2
20.71,2710.03,131.681,60.2
20.72,2711.35,131.576,60.2
20.73,2712.67,131.472,60.2
20.74,2713.98,131.367,60.2
20.75,2715.29,131.262,60.2
20.76,2716.61,131.158,60.2
20.77,2717.92,131.053,60.2
20.78,2719.23,130.948,60.2
20.79,2720.54,130.844,60.2
20.8,2721.85,130.739,60.2
20.81,2723.15,130.634,60.2
20.82,2724.46,130.53,60.2
20.83,2725.77,130.425,60.2
20.84,2727.07,130.321,60.2
20.85,2728.37,130.216,60.2
20.86,2729.68,130.112,60.2
20.87,2730.98,130.007,60.2
20.88,2732.28,129.903,60.2
20.89,2733.58,129.798,60.2
20.9,2734.87,129.694,60.2
20.91,2736.17,129.589,60.2
20.92,2737.47,129.485,60.2
20.93,2738.76,129.38,60.2
20.94,2740.06,129.276,60.2
20.95,2741.35,129.171,60.2
20.96,2742.64,129.067,60.2
20.97,2743.93,128.963,60.2
20.98,2745.22,128.858,60.2
20.99,2746.51,128.754,60.2
21,2747.8,128.649,60.2
21.01,2749.08,128.545,60.2
21.02,2750.37,128.441,60.2
21.03,2751.65,128.336,60.2
21.04,2752.94,128.232,60.2
21.05,2754.22,128.128,60.2
21.06,2755.5,128.023,60.2
21.07,2756.78,127.919,60.2
21.08,2758.06,127.815,60.2
21.09,2759.34,127.71,60.2
21.1,2760.61,127.606,60.2
21.11,2761.89,127.502,60.2
21.12,2763.17,127.398,60.2
21.13,2764.44,127.293,60.2
21.14,2765.71,127.189,60.2
21.15,2766.98,127.085,60.2
21.16,2768.25,126.981,60.2
21.17,2769.52,126.877,60.2
21.18,2770.79,126.772,60.2
21.19,2772.06,126.668,60.2
21.2,2773.33,126.564,60.2
21.21,2774.59,126.46,60.2
21.22,2775.86,126.356,60.2
21.23,2777.12,126.252,60.2
21.24,2778.38,126.148,60.2
21.25,2779.65,126.043,60.2
21.26,2780.91,125.939,60.2
21.27,2782.17,125.835,60.2
21.28,2783.42,125.731,60.2
21.29,2784.68,125.627,60.2
21.3,2785.94,125.523,60.2
21.31,2787.19,125.419,60.2
21.32,2788.45,125.315,60.2
21.33,2789.7,125.211,60.2
21.34,2790.95,125.107,60.2
21.35,2792.2,125.003,60.2
21.36,2793.45,124.899,60.2
21.37,2794.7,124.795,60.2
21.38,2795.95,124.691,60.2
21.39,2797.2,124.587,60.2
21.4,2798.44,124.483,60.2
21.41,2799.69,124.379,60.2
21.42,2800.93,124.275,60.2
21.43,2802.17,124.171,60.2
21.44,2803.42,124.068,60.2
21.45,2804.66,123.964,60.2
21.46,2805.9,123.86,60.2
21.47,2807.13,123.756,60.2
21.48,2808.37,123.652,60.2
21.49,2809.61,123.548,60.2
21.5,2810.84,123.444,60.2
21.51,2812.08,123.341,60.2
21.52,2813.31,123.237,60.2
21.53,2814.54,123.133,60.2
21.54,2815.78,123.029,60.2
21.55,2817.01,122.925,60.2
21.56,2818.24,122.822,60.2
21.57,2819.46,122.718,60.2
21.58,2820.69,122.614,60.2
21.59,2821.92,122.51,60.2
21.6,2823.14,122.407,60.2
21.61,2824.37,122.303,60.2
21.62,2825.59,122.199,60.2
21.63,2826.81,122.096,60.2
21.64,2828.03,121.992,60.2
21.65,2829.25,121.888,60.2
21.66,2830.47,121.784,60.2
21.67,2831.69,121.681,60.2
21.68,2832.91,121.577,60.2
21.69,2834.12,121.474,60.2
21.7,2835.34,121.37,60.2
21.71,2836.55,121.266,60.2
21.72,2837.76,121.163,60.2
21.73,2838.97,121.059,60.2
21.74,2840.18,120.955,60.2
21.75,2841.39,120.852,60.2
21.76,2842.6,120.748,60.2
21.77,2843.81,120.645,60.2
21.78,2845.02,120.541,60.2
21.79,2846.22,120.438,60.2
21.8,2847.43,120.334,60.2
21.81,2848.63,120.231,60.2
21.82,2849.83,120.127,60.2
21.83,2851.03,120.024,60.2
21.84,2852.23,119.92,60.2
21.85,2853.43,119.817,60.2
21.86,2854.63,119.713,60.2
21.87,2855.83,119.61,60.2
21.88,2857.02,119.506,60.2
21.89,2858.22,119.403,60.2
21.9,2859.41,119.299,60.2
21.91,2860.61,119.196,60.2
21.92,2861.8,119.093,60.2
21.93,2862.99,118.989,60.2
21.94,2864.18,118.886,60.2
21.95,2865.37,118.782,60.2
21.96,2866.56,118.679,60.2
21.97,2867.74,118.576,60.2
21.98,2868.93,118.472,60.2
21.99,2870.11,118.369,60.2
22,2871.3,118.266,60.2
22.01,2872.48,118.162,60.2
22.02,2873.66,118.059,60.2
22.03,2874.84,117.956,60.2
22.04,2876.02,117.853,60.2
22.05,2877.2,117.749,60.2
22.06,2878.38,117.646,60.2
22.07,2879.55,117.543,60.2
22.08,2880.73,117.44,60.2
22.09,2881.9,117.336,60.2
22.1,2883.08,117.233,60.2
22.11,2884.25,117.13,60.2
22.12,2885.42,117.027,60.2
22.13,2886.59,116.923,60.2
22.14,2887.76,116.82,60.2
22.15,2888.93,116.717,60.2
22.16,2890.1,116.614,60.2
22.17,2891.26,116.511,60.2
22.18,2892.43,116.408,60.2
22.19,2893.59,116.304,60.2
22.2,2894.75,116.201,60.2
22.21,2895.92,116.098,60.2
22.22,2897.08,115.995,60.2
22.23,2898.24,115.892,60.2
22.24,2899.4,115.789,60.2
22.25,2900.55,115.686,60.2
22.26,2901.71,115.583,60.2
22.27,2902.87,115.48,60.2
22.28,2904.02,115.377,60.2
22.29,2905.17,115.274,60.2
22.3,2906.33,115.171,60.2
22.31,2907.48,115.068,60.2
22.32,2908.63,114.964,60.2
22.33,2909.78,114.861,60.2
22.34,2910.93,114.758,60.2
22.35,2912.08,114.656,60.2
22.36,2913.22,114.553,60.2
22.37,2914.37,114.45,60.2
22.38,2915.51,114.347,60.2
22.39,2916.66,114.244,60.2
22.4,2917.8,114.141,60.2
22.41,2918.94,114.038,60.2
22.42,2920.08,113.935,60.2
22.43,2921.22,113.832,60.2
22.44,2922.36,113.729,60.2
22.45,2923.5,113.626,60.2
22.46,2924.63,113.523,60.2
22.47,2925.77,113.42,60.2
22.48,2926.9,113.318,60.2
22.49,2928.03,113.215,60.2
22.5,2929.17,113.112,60.2
22.51,2930.3,113.009,60.2
22.52,2931.43,112.906,60.2
22.53,2932.56,112.803,60.2
22.54,2933.68,112.701,60.2
22.55,2934.81,112.598,60.2
22.56,2935.94,112.495,60.2
22.57,2937.06,112.392,60.2
22.58,2938.19,112.289,60.2
22.59,2939.31,112.187,60.2
22.6,2940.43,112.084,60.2
22.61,2941.55,111.981,60.2
22.62,2942.67,111.878,60.2
22.63,2943.79,111.776,60.2
22.64,2944.91,111.673,60.2
22.65,2946.02,111.57,60.2
22.66,2947.14,111.468,60.2
22.67,2948.26,111.365,60.2
22.68,2949.37,111.262,60.2
22.69,2950.48,111.16,60.2
22.7,2951.59,111.057,60.2
22.71,2952.7,110.954,60.2
22.72,2953.81,110.852,60.2
22.73,2954.92,110.749,60.2
22.74,2956.03,110.646,60.2
22.75,2957.14,110.544,60.2
22.76,2958.24,110.441,60.2
22.77,2959.35,110.339,60.2
22.78,2960.45,110.236,60.2
22.79,2961.55,110.133,60.2
22.8,2962.65,110.031,60.2
22.81,2963.75,109.928,60.2
22.82,2964.85,109.826,60.2
22.83,2965.95,109.723,60.2
22.84,2967.05,109.621,60.2
22.85,2968.14,109.518,60.2
22.86,2969.24,109.416,60.2
22.87,2970.33,109.313,60.2
22.88,2971.43,109.211,60.2
22.89,2972.52,109.108,60.2
22.9,2973.61,109.006,60.2
22.91,2974.7,108.903,60.2
22.92,2975.79,108.801,60.2
22.93,2976.88,108.698,60.2
22.94,2977.96,108.596,60.2
22.95,2979.05,108.493,60.2
22.96,2980.13,108.391,60.2
22.97,2981.22,108.289,60.2
22.98,2982.3,108.186,60.2
22.99,2983.38,108.084,60.2
23,2984.46,107.981,60.2
23.01,2985.54,107.879,60.2
23.02,2986.62,107.777,60.2
23.03,2987.7,107.674,60.2
23.04,2988.78,107.572,60.2
23.05,2989.85,107.47,60.2
23.06,2990.93,107.367,60.2
23.07,2992,107.265,60.2
23.08,2993.07,107.163,60.2
23.09,2994.15,107.06,60.2
23.1,2995.22,106.958,60.2
23.11,2996.29,106.856,60.2
23.12,2997.35,106.753,60.2
23.13,2998.42,106.651,60.2
23.14,2999.49,106.549,60.2
23.15,3000.55,106.447,60.2
23.16,3001.62,106.344,60.2
23.17,3002.68,106.242,60.2
23.18,3003.74,106.14,60.2
23.19,3004.81,106.038,60.2
23.2,3005.87,105.935,60.2
23.21,3006.93,105.833,60.2
23.22,3007.98,105.731,60.2
23.23,3009.04,105.629,60.2
23.24,3010.1,105.527,60.2
23.25,3011.15,105.425,60.2
23.26,3012.21,105.322,60.2
23.27,3013.26,105.22,60.2
23.28,3014.31,105.118,60.2
23.29,3015.36,105.016,60.2
23.3,3016.41,104.914,60.2
23.31,3017.46,104.812,60.2
23.32,3018.51,104.71,60.2
23.33,3019.56,104.607,60.2
23.34,3020.6,104.505,60.2
23.35,3021.65,104.403,60.2
23.36,3022.69,104.301,60.2
23.37,3023.74,104.199,60.2
23.38,3024.78,104.097,60.2
23.39,3025.82,103.995,60.2
23.4,3026.86,103.893,60.2
23.41,3027.9,103.791,60.2
23.42,3028.94,103.689,60.2
23.43,3029.97,103.587,60.2
23.44,3031.01,103.485,60.2
23.45,3032.04,103.383,60.2
23.46,3033.08,103.281,60.2
23.47,3034.11,103.179,60.2
23.48,3035.14,103.077,60.2
23.49,3036.17,102.975,60.2
23.5,3037.2,102.873,60.2
23.51,3038.23,102.771,60.2
23.52,3039.26,102.669,60.2
23.53,3040.29,102.567,60.2
23.54,3041.31,102.465,60.2
23.55,3042.34,102.363,60.2
23.56,3043.36,102.261,60.2
23.57,3044.38,102.159,60.2
23.58,3045.4,102.057,60.2
23.59,3046.42,101.955,60.2
23.6,3047.44,101.854,60.2
23.61,3048.46,101.752,60.2
23.62,3049.48,101.65,60.2
23.63,3050.5,101.548,60.2
23.64,3051.51,101.446,60.2
23.65,3052.53,101.344,60.2
23.66,3053.54,101.242,60.2
23.67,3054.55,101.141,60.2
23.68,3055.56,101.039,60.2
23.69,3056.57,100.937,60.2
23.7,3057.58,100.835,60.2
23.71,3058.59,100.733,60.2
23.72,3059.6,100.632,60.2
23.73,3060.61,100.53,60.2
23.74,3061.61,100.428,60.2
23.75,3062.61,100.326,60.2
23.76,3063.62,100.224,60.2
23.77,3064.62,100.123,60.2
23.78,3065.62,100.021,60.2
23.79,3066.62,99.9192,60.2
23.8,3067.62,99.8175,60.2
23.81,3068.62,99.7158,60.2
23.82,3069.62,99.614,60.2
23.83,3070.61,99.5123,60.2
23.84,3071.61,99.4106,60.2
23.85,3072.6,99.3089,60.2
23.86,3073.59,99.2073,60.2
23.87,3074.59,99.1056,60.2
23.88,3075.58,99.0039,60.2
23.89,3076.57,98.9022,60.2
23.9,3077.56,98.8006,60.2
23.91,3078.54,98.6989,60.2
23.92,3079.53,98.5973,60.2
23.93,3080.52,98.4957,60.2
23.94,3081.5,98.3941,60.2
23.95,3082.49,98.2924,60.2
23.96,3083.47,98.1908,60.2
23.97,3084.45,98.0892,60.2
23.98,3085.43,97.9876,60.2
23.99,3086.41,97.8861,60.2
24,3087.39,97.7845,60.2
24.01,3088.37,97.6829,60.2
24.02,3089.35,97.5813,60.2
24.03,3090.32,97.4798,60.2
24.04,3091.3,97.3782,60.2
24.05,3092.27,97.2767,60.2
24.06,3093.24,97.1752,60.2
24.07,3094.21,97.0736,60.2
24.08,3095.19,96.9721,60.2
24.09,3096.16,96.8706,60.2
24.1,3097.12,96.7691,60.2
24.11,3098.09,96.6676,60.2
24.12,3099.06,96.5661,60.2
24.13,3100.02,96.4647,60.2
24.14,3100.99,96.3632,60.2
24.15,3101.95,96.2617,60.2
24.16,3102.91,96.1603,60.2
24.17,3103.88,96.0588,60.2
24.18,3104.84,95.9574,60.2
24.19,3105.8,95.8559,60.2
24.2,3106.76,95.7545,60.2
24.21,3107.71,95.6531,60.2
24.22,3108.67,95.5517,60.2
24.23,3109.62,95.4503,60.2
24.24,3110.58,95.3489,60.2
24.25,3111.53,95.2475,60.2
24.26,3112.49,95.1461,60.2
24.27,3113.44,95.0447,60.2
24.28,3114.39,94.9434,60.2
24.29,3115.34,94.842,60.2
24.3,3116.29,94.7407,60.2
24.31,3117.23,94.6393,60.2
24.32,3118.18,94.538,60.2
24.33,3119.12,94.4367,60.2
24.34,3120.07,94.3353,60.2
24.35,3121.01,94.234,60.2
24.36,3121.95,94.1327,60.2
24.37,3122.9,94.0314,60.2
24.38,3123.84,93.9301,60.2
24.39,3124.78,93.8288,60.2
24.4,3125.71,93.7275,60.2
24.41,3126.65,93.6263,60.2
24.42,3127.59,93.525,60.2
24.43,3128.52,93.4237,60.2
24.44,3129.46,93.3225,60.2
24.45,3130.39,93.2213,60.2
24.46,3131.32,93.12,60.2
24.47,3132.25,93.0188,60.2
24.48,3133.18,92.9176,60.2
24.49,3134.11,92.8164,60.2
24.5,3135.04,92.7151,60.2
24.51,3135.97,92.6139,60.2
24.52,3136.89,92.5128,60.2
24.53,3137.82,92.4116,60.2
24.54,3138.74,92.3104,60.2
24.55,3139.67,92.2092,60.2
24.56,3140.59,92.1081,60.2
24.57,3141.51,92.0069,60.2
24.58,3142.43,91.9057,60.2
24.59,3143.35,91.8046,60.2
24.6,3144.27,91.7035,60.2
24.61,3145.18,91.6023,60.2
24.62,3146.1,91.5012,60.2
24.63,3147.01,91.4001,60.2
24.64,3147.93,91.299,60.2
24.65,3148.84,91.1979,60.2
24.66,3149.75,91.0968,60.2
24.67,3150.66,90.9957,60.2
24.68,3151.57,90.8946,60.2
24.69,3152.48,90.7936,60.2
24.7,3153.39,90.6925,60.2
24.71,3154.3,90.5914,60.2
24.72,3155.2,90.4904,60.2
24.73,3156.11,90.3893,60.2
24.74,3157.01,90.2883,60.2
24.75,3157.92,90.1873,60.2
24.76,3158.82,90.0862,60.2
24.77,3159.72,89.9852,60.2
24.78,3160.62,89.8842,60.2
24.79,3161.52,89.7832,60.2
24.8,3162.42,89.6822,60.2
24.81,3163.31,89.5812,60.2
24.82,3164.21,89.4802,60.2
24.83,3165.1,89.3793,60.2
24.84,3166,89.2783,60.2
24.85,3166.89,89.1773,60.2
24.86,3167.78,89.0764,60.2
24.87,3168.67,88.9754,60.2
24.88,3169.56,88.8745,60.2
24.89,3170.45,88.7735,60.2
24.9,3171.34,88.6726,60.2
24.91,3172.22,88.5717,60.2
24.92,3173.11,88.4708,60.2
24.93,3174,88.3699,60.2
24.94,3174.88,88.269,60.2
24.95,3175.76,88.1681,60.2
24.96,3176.64,88.0672,60.2
24.97,3177.52,87.9663,60.2
24.98,3178.4,87.8654,60.2
24.99,3179.28,87.7646,60.2
25,3180.16,87.6637,60.2
25.01,3181.04,87.5628,60.2
25.02,3181.91,87.462,60.2
25.03,3182.79,87.3612,60.2
25.04,3183.66,87.2603,60.2
25.05,3184.53,87.1595,60.2
25.06,3185.4,87.0587,60.2
25.07,3186.28,86.9579,60.2
25.08,3187.14,86.857,60.2
25.09,3188.01,86.7562,60.2
25.1,3188.88,86.6554,60.2
25.11,3189.75,86.5547,60.2
25.12,3190.61,86.4539,60.2
25.13,3191.48,86.3531,60.2
25.14,3192.34,86.2523,60.2
25.15,3193.2,86.1516,60.2
25.16,3194.07,86.0508,60.2
25.17,3194.93,85.9501,60.2
25.18,3195.79,85.8493,60.2
25.19,3196.64,85.7486,60.2
25.2,3197.5,85.6479,60.2
25.21,3198.36,85.5471,60.2
25.22,3199.21,85.4464,60.2
25.23,3200.07,85.3457,60.2
25.24,3200.92,85.245,60.2
25.25,3201.77,85.1443,60.2
25.26,3202.62,85.0436,60.2
25.27,3203.48,84.9429,60.2
25.28,3204.32,84.8422,60.2
25.29,3205.17,84.7416,60.2
25.3,3206.02,84.6409,60.2
25.31,3206.87,84.5402,60.2
25.32,3207.71,84.4396,60.2
25.33,3208.56,84.3389,60.2
25.34,3209.4,84.2383,60.2
25.35,3210.24,84.1377,60.2
25.36,3211.08,84.037,60.2
25.37,3211.92,83.9364,60.2
25.38,3212.76,83.8358,60.2
25.39,3213.6,83.7352,60.2
25.4,3214.44,83.6346,60.2
25.41,3215.28,83.534,60.2
25.42,3216.11,83.4334,60.2
25.43,3216.95,83.3328,60.2
25.44,3217.78,83.2322,60.2
25.45,3218.61,83.1317,60.2
25.46,3219.44,83.0311,60.2
25.47,3220.27,82.9305,60.2
25.48,3221.1,82.83,60.2
25.49,3221.93,82.7295,60.2
25.5,3222.76,82.6289,60.2
25.51,3223.58,82.5284,60.2
25.52,3224.41,82.4278,60.2
25.53,3225.23,82.3273,60.2
25.54,3226.06,82.2268,60.2
25.55,3226.88,82.1263,60.2
25.56,3227.7,82.0258,60.2
25.57,3228.52,81.9253,60.2
25.58,3229.34,81.8248,60.2
25.59,3230.16,81.7243,60.2
25.6,3230.98,81.6238,60.2
25.61,3231.79,81.5234,60.2
25.62,3232.61,81.4229,60.2
25.63,3233.42,81.3225,60.2
25.64,3234.23,81.222,60.2
25.65,3235.05,81.1215,60.2
25.66,3235.86,81.0211,60.2
25.67,3236.67,80.9207,60.2
25.68,3237.48,80.8202,60.2
25.69,3238.29,80.7198,60.2
25.7,3239.09,80.6194,60.2
25.71,3239.9,80.519,60.2
25.72,3240.7,80.4186,60.2
25.73,3241.51,80.3182,60.2
25.74,3242.31,80.2178,60.2
25.75,3243.11,80.1174,60.2
25.76,3243.91,80.017,60.2
25.77,3244.71,79.9166,60.2
25.78,3245.51,79.8163,60.2
25.79,3246.31,79.7159,60.2
25.8,3247.11,79.6155,60.2
25.81,3247.91,79.5152,60.2
25.82,3248.7,79.4149,60.2
25.83,3249.49,79.3145,60.2
25.84,3250.29,79.2142,60.2
25.85,3251.08,79.1138,60.2
25.86,3251.87,79.0135,60.2
25.87,3252.66,78.9132,60.2
25.88,3253.45,78.8129,60.2
25.89,3254.24,78.7126,60.2
25.9,3255.03,78.6123,60.2
25.91,3255.81,78.512,60.2
25.92,3256.6,78.4117,60.2
25.93,3257.38,78.3114,60.2
25.94,3258.16,78.2112,60.2
25.95,3258.95,78.1109,60.2
25.96,3259.73,78.0106,60.2
25.97,3260.51,77.9104,60.2
25.98,3261.29,77.8101,60.2
25.99,3262.06,77.7099,60.2
26,3262.84,77.6096,60.2
26.01,3263.62,77.5094,60.2
26.02,3264.39,77.4092,60.2
26.03,3265.17,77.3089,60.2
26.04,3265.94,77.2087,60.2
26.05,3266.71,77.1085,60.2
26.06,3267.48,77.0083,60.2
26.07,3268.25,76.9081,60.2
26.08,3269.02,76.8079,60.2
26.09,3269.79,76.7077,60.2
26.1,3270.56,76.6075,60.2
26.11,3271.32,76.5073,60.2
26.12,3272.09,76.4072,60.2
26.13,3272.85,76.307,60.2
26.14,3273.62,76.2068,60.2
26.15,3274.38,76.1067,60.2
26.16,3275.14,76.0065,60.2
26.17,3275.9,75.9064,60.2
26.18,3276.66,75.8062,60.2
26.19,3277.42,75.7061,60.2
26.2,3278.17,75.606,60.2
26.21,3278.93,75.5059,60.2
26.22,3279.68,75.4057,60.2
26.23,3280.44,75.3056,60.2
26.24,3281.19,75.2055,60.2
26.25,3281.94,75.1054,60.2
26.26,3282.69,75.0053,60.2
26.27,3283.44,74.9052,60.2
26.28,3284.19,74.8052,60.2
26.29,3284.94,74.7051,60.2
26.3,3285.69,74.605,60.2
26.31,3286.43,74.5049,60.2
26.32,3287.18,74.4049,60.2
26.33,3287.92,74.3048,60.2
26.34,3288.67,74.2048,60.2
26.35,3289.41,74.1047,60.2
26.36,3290.15,74.0047,60.2
26.37,3290.89,73.9047,60.2
26.38,3291.63,73.8046,60.2
26.39,3292.37,73.7046,60.2
26.4,3293.1,73.6046,60.2
26.41,3293.84,73.5046,60.2
26.42,3294.58,73.4046,60.2
26.43,3295.31,73.3046,60.2
26.44,3296.04,73.2046,60.2
26.45,3296.77,73.1046,60.2
26.46,3297.51,73.0046,60.2
26.47,3298.24,72.9046,60.2
26.48,3298.96,72.8046,60.2
26.49,3299.69,72.7047,60.2
26.5,3300.42,72.6047,60.2
26.51,3301.15,72.5047,60.2
26.52,3301.87,72.4048,60.2
26.53,3302.59,72.3048,60.2
26.54,3303.32,72.2049,60.2
26.55,3304.04,72.105,60.2
26.56,3304.76,72.005,60.2
26.57,3305.48,71.9051,60.2
26.58,3306.2,71.8052,60.2
26.59,3306.92,71.7053,60.2
26.6,3307.64,71.6053,60.2
26.61,3308.35,71.5054,60.2
26.62,3309.07,71.4055,60.2
26.63,3309.78,71.3056,60.2
26.64,3310.49,71.2057,60.2
26.65,3311.21,71.1059,60.2
26.66,3311.92,71.006,60.2
26.67,3312.63,70.9061,60.2
26.68,3313.34,70.8062,60.2
26.69,3314.04,70.7064,60.2
26.7,3314.75,70.6065,60.2
26.71,3315.46,70.5067,60.2
26.72,3316.16,70.4068,60.2
26.73,3316.87,70.307,60.2
26.74,3317.57,70.2071,60.2
26.75,3318.27,70.1073,60.2
26.76,3318.97,70.0075,60.2
26.77,3319.67,69.9076,60.2
26.78,3320.37,69.8078,60.2
26.79,3321.07,69.708,60.2
26.8,3321.77,69.6082,60.2
26.81,3322.46,69.5084,60.2
26.82,3323.16,69.4086,60.2
26.83,3323.85,69.3088,60.2
26.84,3324.54,69.209,60.2
26.85,3325.24,69.1092,60.2
26.86,3325.93,69.0094,60.2
26.87,3326.62,68.9097,60.2
26.88,3327.31,68.8099,60.2
26.89,3328,68.7101,60.2
26.9,3328.68,68.6104,60.2
26.91,3329.37,68.5106,60.2
26.92,3330.05,68.4109,60.2
26.93,3330.74,68.3111,60.2
26.94,3331.42,68.2114,60.2
26.95,3332.1,68.1117,60.2
26.96,3332.78,68.0119,60.2
26.97,3333.46,67.9122,60.2
26.98,3334.14,67.8125,60.2
26.99,3334.82,67.7128,60.2
27,3335.5,67.6131,60.2
27.01,3336.17,67.5134,60.2
27.02,3336.85,67.4137,60.2
27.03,3337.52,67.314,60.2
27.04,3338.2,67.2143,60.2
27.05,3338.87,67.1146,60.2
27.06,3339.54,67.0149,60.2
27.07,3340.21,66.9152,60.2
27.08,3340.88,66.8156,60.2
27.09,3341.55,66.7159,60.2
27.1,3342.22,66.6162,60.2
27.11,3342.88,66.5166,60.2
27.12,3343.55,66.4169,60.2
27.13,3344.21,66.3173,60.2
27.14,3344.87,66.2176,60.2
27.15,3345.54,66.118,60.2
27.16,3346.2,66.0184,60.2
27.17,3346.86,65.9187,60.2
27.18,3347.52,65.8191,60.2
27.19,3348.17,65.7195,60.2
27.2,3348.83,65.6199,60.2
27.21,3349.49,65.5203,60.2
27.22,3350.14,65.4207,60.2
27.23,3350.8,65.3211,60.2
27.24,3351.45,65.2215,60.2
27.25,3352.1,65.1219,60.2
27.26,3352.75,65.0223,60.2
27.27,3353.4,64.9227,60.2
27.28,3354.05,64.8231,60.2
27.29,3354.7,64.7236,60.2
27.3,3355.35,64.624,60.2
27.31,3356,64.5244,60.2
27.32,3356.64,64.4249,60.2
27.33,3357.28,64.3253,60.2
27.34,3357.93,64.2258,60.2
27.35,3358.57,64.1262,60.2
27.36,3359.21,64.0267,60.2
27.37,3359.85,63.9272,60.2
27.38,3360.49,63.8276,60.2
27.39,3361.13,63.7281,60.2
27.4,3361.77,63.6286,60.2
27.41,3362.4,63.5291,60.2
27.42,3363.04,63.4296,60.2
27.43,3363.67,63.3301,60.2
27.44,3364.31,63.2306,60.2
27.45,3364.94,63.1311,60.2
27.46,3365.57,63.0316,60.2
27.47,3366.2,62.9321,60.2
27.48,3366.83,62.8326,60.2
27.49,3367.46,62.7331,60.2
27.5,3368.08,62.6336,60.2
27.51,3368.71,62.5342,60.2
27.52,3369.34,62.4347,60.2
27.53,3369.96,62.3352,60.2
27.54,3370.58,62.2358,60.2
27.55,3371.21,62.1363,60.2
27.56,3371.83,62.0369,60.2
27.57,3372.45,61.9374,60.2
27.58,3373.07,61.838,60.2
27.59,3373.69,61.7385,60.2
27.6,3374.3,61.6391,60.2
27.61,3374.92,61.5397,60.2
27.62,3375.54,61.4403,60.2
27.63,3376.15,61.3408,60.2
27.64,3376.76,61.2414,60.2
27.65,3377.38,61.142,60.2
27.66,3377.99,61.0426,60.2
27.67,3378.6,60.9432,60.2
27.68,3379.21,60.8438,60.2
27.69,3379.82,60.7444,60.2
27.7,3380.42,60.645,60.2
27.71,3381.03,60.5456,60.2
27.72,3381.63,60.4463,60.2
27.73,3382.24,60.3469,60.2
27.74,3382.84,60.2475,60.2
27.75,3383.44,60.1482,60.2
27.76,3384.05,60.0488,60.2
27.77,3384.65,59.9494,60.2
27.78,3385.25,59.8501,60.2
27.79,3385.84,59.7507,60.2
27.8,3386.44,59.6514,60.2
27.81,3387.04,59.552,60.2
27.82,3387.63,59.4527,60.2
27.83,3388.23,59.3534,60.2
27.84,3388.82,59.254,60.2
27.85,3389.41,59.1547,60.2
27.86,3390.01,59.0554,60.2
27.87,3390.6,58.9561,60.2
27.88,3391.19,58.8568,60.2
27.89,3391.78,58.7575,60.2
27.9,3392.36,58.6582,60.2
27.91,3392.95,58.5589,60.2
27.92,3393.53,58.4596,60.2
27.93,3394.12,58.3603,60.2
27.94,3394.7,58.261,60.2
27.95,3395.29,58.1617,60.2
27.96,3395.87,58.0624,60.2
27.97,3396.45,57.9631,60.2
27.98,3397.03,57.8639,60.2
27.99,3397.61,57.7646,60.2
28,3398.18,57.6653,60.2
28.01,3398.76,57.5661,60.2
28.02,3399.34,57.4668,60.2
28.03,3399.91,57.3676,60.2
28.04,3400.48,57.2683,60.2
28.05,3401.06,57.1691,60.2
28.06,3401.63,57.0698,60.2
28.07,3402.2,56.9706,60.2
28.08,3402.77,56.8714,60.2
28.09,3403.34,56.7722,60.2
28.1,3403.91,56.6729,60.2
28.11,3404.47,56.5737,60.2
28.12,3405.04,56.4745,60.2
28.13,3405.6,56.3753,60.2
28.14,3406.17,56.2761,60.2
28.15,3406.73,56.1769,60.2
28.16,3407.29,56.0777,60.2
28.17,3407.85,55.9785,60.2
28.18,3408.41,55.8793,60.2
28.19,3408.97,55.7801,60.2
28.2,3409.53,55.6809,60.2
28.21,3410.09,55.5817,60.2
28.22,3410.64,55.4826,60.2
28.23,3411.2,55.3834,60.2
28.24,3411.75,55.2842,60.2
28.25,3412.3,55.1851,60.2
28.26,3412.85,55.0859,60.2
28.27,3413.41,54.9868,60.2
28.28,3413.96,54.8876,60.2
28.29,3414.5,54.7885,60.2
28.3,3415.05,54.6893,60.2
28.31,3415.6,54.5902,60.2
28.32,3416.14,54.491,60.2
28.33,3416.69,54.3919,60.2
28.34,3417.23,54.2928,60.2
28.35,3417.78,54.1936,60.2
28.36,3418.32,54.0945,60.2
28.37,3418.86,53.9954,60.2
28.38,3419.4,53.8963,60.2
28.39,3419.94,53.7972,60.2
28.4,3420.48,53.6981,60.2
28.41,3421.01,53.599,60.2
28.42,3421.55,53.4999,60.2
28.43,3422.08,53.4008,60.2
28.44,3422.62,53.3017,60.2
28.45,3423.15,53.2026,60.2
28.46,3423.68,53.1035,60.2
28.47,3424.21,53.0045,60.2
28.48,3424.74,52.9054,60.2
28.49,3425.27,52.8063,60.2
28.5,3425.8,52.7072,60.2
28.51,3426.33,52.6082,60.2
28.52,3426.85,52.5091,60.2
28.53,3427.38,52.4101,60.2
28.54,3427.9,52.311,60.2
28.55,3428.43,52.2119,60.2
28.56,3428.95,52.1129,60.2
28.57,3429.47,52.0139,60.2
28.58,3429.99,51.9148,60.2
28.59,3430.51,51.8158,60.2
28.6,3431.03,51.7168,60.2
28.61,3431.54,51.6177,60.2
28.62,3432.06,51.5187,60.2
28.63,3432.58,51.4197,60.2
28.64,3433.09,51.3207,60.2
28.65,3433.6,51.2217,60.2
28.66,3434.12,51.1226,60.2
28.67,3434.63,51.0236,60.2
28.68,3435.14,50.9246,60.2
28.69,3435.65,50.8256,60.2
28.7,3436.15,50.7266,60.2
28.71,3436.66,50.6276,60.2
28.72,3437.17,50.5287,60.2
28.73,3437.67,50.4297,60.2
28.74,3438.18,50.3307,60.2
28.75,3438.68,50.2317,60.2
28.76,3439.18,50.1327,60.2
28.77,3439.68,50.0338,60.2
28.78,3440.19,49.9348,60.2
28.79,3440.68,49.8358,60.2
28.8,3441.18,49.7369,60.2
28.81,3441.68,49.6379,60.2
28.82,3442.18,49.539,60.2
28.83,3442.67,49.44,60.2
28.84,3443.17,49.3411,60.2
28.85,3443.66,49.2421,60.2
28.86,3444.15,49.1432,60.2
28.87,3444.64,49.0443,60.2
28.88,3445.13,48.9453,60.2
28.89,3445.62,48.8464,60.2
28.9,3446.11,48.7475,60.2
28.91,3446.6,48.6485,60.2
28.92,3447.09,48.5496,60.2
28.93,3447.57,48.4507,60.2
28.94,3448.06,48.3518,60.2
28.95,3448.54,48.2529,60.2
28.96,3449.02,48.154,60.2
28.97,3449.5,48.0551,60.2
28.98,3449.98,47.9562,60.2
28.99,3450.46,47.8573,60.2
29,3450.94,47.7584,60.2
29.01,3451.42,47.6595,60.2
29.02,3451.9,47.5606,60.2
29.03,3452.37,47.4617,60.2
29.04,3452.85,47.3629,60.2
29.05,3453.32,47.264,60.2
29.06,3453.79,47.1651,60.2
29.07,3454.26,47.0662,60.2
29.08,3454.74,46.9674,60.2
29.09,3455.2,46.8685,60.2
29.1,3455.67,46.7696,60.2
29.11,3456.14,46.6708,60.2
29.12,3456.61,46.5719,60.2
29.13,3457.07,46.4731,60.2
29.14,3457.54,46.3742,60.2
29.15,3458,46.2754,60.2
29.16,3458.46,46.1766,60.2
29.17,3458.93,46.0777,60.2
29.18,3459.39,45.9789,60.2
29.19,3459.85,45.8801,60.2
29.2,3460.31,45.7812,60.2
29.21,3460.76,45.6824,60.2
29.22,3461.22,45.5836,60.2
29.23,3461.68,45.4848,60.2
29.24,3462.13,45.3859,60.2
29.25,3462.59,45.2871,60.2
29.26,3463.04,45.1883,60.2
29.27,3463.49,45.0895,60.2
29.28,3463.94,44.9907,60.2
29.29,3464.39,44.8919,60.2
29.3,3464.84,44.7931,60.2
29.31,3465.29,44.6943,60.2
29.32,3465.73,44.5955,60.2
29.33,3466.18,44.4967,60.2
29.34,3466.63,44.398,60.2
29.35,3467.07,44.2992,60.2
29.36,3467.51,44.2004,60.2
29.37,3467.95,44.1016,60.2
29.38,3468.4,44.0029,60.2
29.39,3468.84,43.9041,60.2
29.4,3469.27,43.8053,60.2
29.41,3469.71,43.7066,60.2
29.42,3470.15,43.6078,60.2
29.43,3470.59,43.509,60.2
29.44,3471.02,43.4103,60.2
29.45,3471.45,43.3115,60.2
29.46,3471.89,43.2128,60.2
29.47,3472.32,43.114,60.2
29.48,3472.75,43.0153,60.2
29.49,3473.18,42.9166,60.2
29.5,3473.61,42.8178,60.2
29.51,3474.04,42.7191,60.2
29.52,3474.47,42.6204,60.2
29.53,3474.89,42.5216,60.2
29.54,3475.32,42.4229,60.2
29.55,3475.74,42.3242,60.2
29.56,3476.16,42.2255,60.2
29.57,3476.59,42.1267,60.2
29.58,3477.01,42.028,60.2
29.59,3477.43,41.9293,60.2
29.6,3477.85,41.8306,60.2
29.61,3478.27,41.7319,60.2
29.62,3478.68,41.6332,60.2
29.63,3479.1,41.5345,60.2
29.64,3479.52,41.4358,60.2
29.65,3479.93,41.3371,60.2
29.66,3480.34,41.2384,60.2
29.67,3480.76,41.1397,60.2
29.68,3481.17,41.0411,60.2
29.69,3481.58,40.9424,60.2
29.7,3481.99,40.8437,60.2
29.71,3482.4,40.745,60.2
29.72,3482.8,40.6463,60.2
29.73,3483.21,40.5477,60.2
29.74,3483.61,40.449,60.2
29.75,3484.02,40.3503,60.2
29.76,3484.42,40.2517,60.2
29.77,3484.83,40.153,60.2
29.78,3485.23,40.0544,60.2
29.79,3485.63,39.9557,60.2
29.8,3486.03,39.8571,60.2
29.81,3486.43,39.7584,60.2
29.82,3486.82,39.6598,60.2
29.83,3487.22,39.5611,60.2
29.84,3487.61,39.4625,60.2
29.85,3488.01,39.3638,60.2
29.86,3488.4,39.2652,60.2
29.87,3488.8,39.1666,60.2
29.88,3489.19,39.0679,60.2
29.89,3489.58,38.9693,60.2
29.9,3489.97,38.8707,60.2
29.91,3490.36,38.7721,60.2
29.92,3490.74,38.6734,60.2
29.93,3491.13,38.5748,60.2
29.94,3491.52,38.4762,60.2
29.95,3491.9,38.3776,60.2
29.96,3492.29,38.279,60.2
29.97,3492.67,38.1804,60.2
29.98,3493.05,38.0818,60.2
29.99,3493.43,37.9832,60.2
30,3493.81,37.8846,60.2
30.01,3494.19,37.786,60.2
30.02,3494.57,37.6874,60.2
30.03,3494.94,37.5888,60.2
30.04,3495.32,37.4902,60.2
30.05,3495.7,37.3916,60.2
30.06,3496.07,37.2931,60.2
30.07,3496.44,37.1945,60.2
30.08,3496.81,37.0959,60.2
30.09,3497.18,36.9973,60.2
30.1,3497.55,36.8987,60.2
30.11,3497.92,36.8002,60.2
30.12,3498.29,36.7016,60.2
30.13,3498.66,36.603,60.2
30.14,3499.02,36.5045,60.2
30.15,3499.39,36.4059,60.2
30.16,3499.75,36.3074,60.2
30.17,3500.12,36.2088,60.2
30.18,3500.48,36.1103,60.2
30.19,3500.84,36.0117,60.2
30.2,3501.2,35.9132,60.2
30.21,3501.56,35.8146,60.2
30.22,3501.92,35.7161,60.2
30.23,3502.27,35.6175,60.2
30.24,3502.63,35.519,60.2
30.25,3502.99,35.4205,60.2
30.26,3503.34,35.3219,60.2
30.27,3503.69,35.2234,60.2
30.28,3504.05,35.1249,60.2
30.29,3504.4,35.0263,60.2
30.3,3504.75,34.9278,60.2
30.31,3505.1,34.8293,60.2
30.32,3505.44,34.7308,60.2
30.33,3505.79,34.6323,60.2
30.34,3506.14,34.5337,60.2
30.35,3506.48,34.4352,60.2
30.36,3506.83,34.3367,60.2
30.37,3507.17,34.2382,60.2
30.38,3507.51,34.1397,60.2
30.39,3507.86,34.0412,60.2
30.4,3508.2,33.9427,60.2
30.41,3508.54,33.8442,60.2
30.42,3508.87,33.7457,60.2
30.43,3509.21,33.6472,60.2
30.44,3509.55,33.5487,60.2
30.45,3509.88,33.4502,60.2
30.46,3510.22,33.3518,60.2
30.47,3510.55,33.2533,60.2
30.48,3510.88,33.1548,60.2
30.49,3511.22,33.0563,60.2
30.5,3511.55,32.9578,60.2
30.51,3511.88,32.8594,60.2
30.52,3512.2,32.7609,60.2
30.53,3512.53,32.6624,60.2
30.54,3512.86,32.5639,60.2
30.55,3513.18,32.4655,60.2
30.56,3513.51,32.367,60.2
30.57,3513.83,32.2686,60.2
30.58,3514.15,32.1701,60.2
30.59,3514.48,32.0716,60.2
30.6,3514.8,31.9732,60.2
30.61,3515.12,31.8747,60.2
30.62,3515.44,31.7763,60.2
30.63,3515.75,31.6778,60.2
30.64,3516.07,31.5794,60.2
30.65,3516.39,31.4809,60.2
30.66,3516.7,31.3825,60.2
30.67,3517.01,31.2841,60.2
30.68,3517.33,31.1856,60.2
30.69,3517.64,31.0872,60.2
30.7,3517.95,30.9888,60.2
30.71,3518.26,30.8903,60.2
30.72,3518.57,30.7919,60.2
30.73,3518.88,30.6935,60.2
30.74,3519.18,30.595,60.2
30.75,3519.49,30.4966,60.2
30.76,3519.79,30.3982,60.2
30.77,3520.1,30.2998,60.2
30.78,3520.4,30.2014,60.2
30.79,3520.7,30.1029,60.2
30.8,3521,30.0045,60.2
30.81,3521.3,29.9061,60.2
30.82,3521.6,29.8077,60.2
30.83,3521.9,29.7093,60.2
30.84,3522.2,29.6109,60.2
30.85,3522.5,29.5125,60.2
30.86,3522.79,29.4141,60.2
30.87,3523.08,29.3157,60.2
30.88,3523.38,29.2173,60.2
30.89,3523.67,29.1189,60.2
30.9,3523.96,29.0205,60.2
30.91,3524.25,28.9221,60.2
30.92,3524.54,28.8237,60.2
30.93,3524.83,28.7253,60.2
30.94,3525.12,28.627,60.2
30.95,3525.4,28.5286,60.2
30.96,3525.69,28.4302,60.2
30.97,3525.97,28.3318,60.2
30.98,3526.25,28.2334,60.2
30.99,3526.54,28.1351,60.2
31,3526.82,28.0367,60.2
31.01,3527.1,27.9383,60.2
31.02,3527.38,27.84,60.2
31.03,3527.66,27.7416,60.2
31.04,3527.93,27.6432,60.2
31.05,3528.21,27.5449,60.2
31.06,3528.49,27.4465,60.2
31.07,3528.76,27.3481,60.2
31.08,3529.03,27.2498,60.2
31.09,3529.31,27.1514,60.2
31.1,3529.58,27.0531,60.2
31.11,3529.85,26.9547,60.2
31.12,3530.12,26.8564,60.2
31.13,3530.39,26.758,60.2
31.14,3530.65,26.6597,60.2
31.15,3530.92,26.5613,60.2
31.16,3531.19,26.463,60.2
31.17,3531.45,26.3646,60.2
31.18,3531.71,26.2663,60.2
31.19,3531.98,26.168,60.2
31.2,3532.24,26.0696,60.2
31.21,3532.5,25.9713,60.2
31.22,3532.76,25.8729,60.2
31.23,3533.02,25.7746,60.2
31.24,3533.28,25.6763,60.2
31.25,3533.53,25.578,60.2
31.26,3533.79,25.4796,60.2
31.27,3534.04,25.3813,60.2
31.28,3534.3,25.283,60.2
31.29,3534.55,25.1847,60.2
31.3,3534.8,25.0863,60.2
31.31,3535.05,24.988,60.2
31.32,3535.3,24.8897,60.2
31.33,3535.55,24.7914,60.2
31.34,3535.8,24.6931,60.2
31.35,3536.05,24.5948,60.2
31.36,3536.29,24.4965,60.2
31.37,3536.54,24.3982,60.2
31.38,3536.78,24.2999,60.2
31.39,3537.02,24.2015,60.2
31.4,3537.27,24.1032,60.2
31.41,3537.51,24.0049,60.2
31.42,3537.75,23.9066,60.2
31.43,3537.99,23.8083,60.2
31.44,3538.22,23.7101,60.2
31.45,3538.46,23.6118,60.2
31.46,3538.7,23.5135,60.2
31.47,3538.93,23.4152,60.2
31.48,3539.17,23.3169,60.2
31.49,3539.4,23.2186,60.2
31.5,3539.63,23.1203,60.2
31.51,3539.86,23.022,60.2
31.52,3540.09,22.9237,60.2
31.53,3540.32,22.8255,60.2
31.54,3540.55,22.7272,60.2
31.55,3540.78,22.6289,60.2
31.56,3541,22.5306,60.2
31.57,3541.23,22.4323,60.2
31.58,3541.45,22.3341,60.2
31.59,3541.68,22.2358,60.2
31.6,3541.9,22.1375,60.2
31.61,3542.12,22.0393,60.2
31.62,3542.34,21.941,60.2
31.63,3542.56,21.8427,60.2
31.64,3542.78,21.7445,60.2
31.65,3543,21.6462,60.2
31.66,3543.21,21.5479,60.2
31.67,3543.43,21.4497,60.2
31.68,3543.64,21.3514,60.2
31.69,3543.86,21.2532,60.2
31.7,3544.07,21.1549,60.2
31.71,3544.28,21.0566,60.2
31.72,3544.49,20.9584,60.2
31.73,3544.7,20.8601,60.2
31.74,3544.91,20.7619,60.2
31.75,3545.12,20.6636,60.2
31.76,3545.32,20.5654,60.2
31.77,3545.53,20.4671,60.2
31.78,3545.73,20.3689,60.2
31.79,3545.94,20.2707,60.2
31.8,3546.14,20.1724,60.2
31.81,3546.34,20.0742,60.2
31.82,3546.54,19.9759,60.2
31.83,3546.74,19.8777,60.2
31.84,3546.94,19.7795,60.2
31.85,3547.14,19.6812,60.2
31.86,3547.34,19.583,60.2
31.87,3547.53,19.4848,60.2
31.88,3547.73,19.3865,60.2
31.89,3547.92,19.2883,60.2
31.9,3548.11,19.1901,60.2
31.91,3548.31,19.0918,60.2
31.92,3548.5,18.9936,60.2
31.93,3548.69,18.8954,60.2
31.94,3548.88,18.7972,60.2
31.95,3549.06,18.6989,60.2
31.96,3549.25,18.6007,60.2
31.97,3549.44,18.5025,60.2
31.98,3549.62,18.4043,60.2
31.99,3549.81,18.3061,60.2
32,3549.99,18.2078,60.2
32.01,3550.17,18.1096,60.2
32.02,3550.35,18.0114,60.2
32.03,3550.53,17.9132,60.2
32.04,3550.71,17.815,60.2
32.05,3550.89,17.7168,60.2
32.06,3551.07,17.6186,60.2
32.07,3551.24,17.5204,60.2
32.08,3551.42,17.4222,60.2
32.09,3551.59,17.324,60.2
32.1,3551.77,17.2258,60.2
32.11,3551.94,17.1275,60.2
32.12,3552.11,17.0293,60.2
32.13,3552.28,16.9311,60.2
32.14,3552.45,16.8329,60.2
32.15,3552.62,16.7347,60.2
32.16,3552.78,16.6365,60.2
32.17,3552.95,16.5384,60.2
32.18,3553.12,16.4402,60.2
32.19,3553.28,16.342,60.2
32.2,3553.44,16.2438,60.2
32.21,3553.61,16.1456,60.2
32.22,3553.77,16.0474,60.2
32.23,3553.93,15.9492,60.2
32.24,3554.09,15.851,60.2
32.25,3554.25,15.7528,60.2
32.26,3554.4,15.6546,60.2
32.27,3554.56,15.5565,60.2
32.28,3554.72,15.4583,60.2
32.29,3554.87,15.3601,60.2
32.3,3555.02,15.2619,60.2
32.31,3555.18,15.1637,60.2
32.32,3555.33,15.0655,60.2
32.33,3555.48,14.9674,60.2
32.34,3555.63,14.8692,60.2
32.35,3555.78,14.771,60.2
32.36,3555.92,14.6728,60.2
32.37,3556.07,14.5747,60.2
32.38,3556.22,14.4765,60.2
32.39,3556.36,14.3783,60.2
32.4,3556.51,14.2801,60.2
32.41,3556.65,14.182,60.2
32.42,3556.79,14.0838,60.2
32.43,3556.93,13.9856,60.2
32.44,3557.07,13.8874,60.2
32.45,3557.21,13.7893,60.2
32.46,3557.35,13.6911,60.2
32.47,3557.48,13.5929,60.2
32.48,3557.62,13.4948,60.2
32.49,3557.76,13.3966,60.2
32.5,3557.89,13.2985,60.2
32.51,3558.02,13.2003,60.2
32.52,3558.15,13.1021,60.2
32.53,3558.29,13.004,60.2
32.54,3558.42,12.9058,60.2
32.55,3558.54,12.8076,60.2
32.56,3558.67,12.7095,60.2
32.57,3558.8,12.6113,60.2
32.58,3558.93,12.5132,60.2
32.59,3559.05,12.415,60.2
32.6,3559.18,12.3169,60.2
32.61,3559.3,12.2187,60.2
32.62,3559.42,12.1206,60.2
32.63,3559.54,12.0224,60.2
32.64,3559.66,11.9243,60.2
32.65,3559.78,11.8261,60.2
32.66,3559.9,11.7279,60.2
32.67,3560.02,11.6298,60.2
32.68,3560.13,11.5317,60.2
32.69,3560.25,11.4335,60.2
32.7,3560.36,11.3354,60.2
32.71,3560.48,11.2372,60.2
32.72,3560.59,11.1391,60.2
32.73,3560.7,11.0409,60.2
32.74,3560.81,10.9428,60.2
32.75,3560.92,10.8446,60.2
32.76,3561.03,10.7465,60.2
32.77,3561.14,10.6483,60.2
32.78,3561.24,10.5502,60.2
32.79,3561.35,10.4521,60.2
32.8,3561.45,10.3539,60.2
32.81,3561.56,10.2558,60.2
32.82,3561.66,10.1576,60.2
32.83,3561.76,10.0595,60.2
32.84,3561.86,9.96138,60.2
32.85,3561.96,9.86324,60.2
32.86,3562.06,9.7651,60.2
32.87,3562.16,9.66697,60.2
32.88,3562.25,9.56883,60.2
32.89,3562.35,9.4707,60.2
32.9,3562.44,9.37257,60.2
32.91,3562.54,9.27444,60.2
32.92,3562.63,9.17631,60.2
32.93,3562.72,9.07817,60.2
32.94,3562.81,8.98004,60.2
32.95,3562.9,8.88191,60.2
32.96,3562.99,8.78379,60.2
32.97,3563.08,8.68566,60.2
32.98,3563.17,8.58753,60.2
32.99,3563.25,8.4894,60.2
33,3563.34,8.39128,60.2
33.01,3563.42,8.29315,60.2
33.02,3563.5,8.19502,60.2
33.03,3563.59,8.0969,60.2
33.04,3563.67,7.99878,60.2
33.05,3563.75,7.90065,60.2
33.06,3563.83,7.80253,60.2
33.07,3563.9,7.7044,60.2
33.08,3563.98,7.60628,60.2
33.09,3564.06,7.50815,60.2
33.1,3564.13,7.41003,60.2
33.11,3564.21,7.3119,60.2
33.12,3564.28,7.21378,60.2
33.13,3564.35,7.11565,60.2
33.14,3564.42,7.01753,60.2
33.15,3564.49,6.91941,60.2
33.16,3564.56,6.82128,60.2
33.17,3564.63,6.72316,60.2
33.18,3564.7,6.62504,60.2
33.19,3564.76,6.52691,60.2
33.2,3564.83,6.42879,60.2
33.21,3564.89,6.33067,60.2
33.22,3564.96,6.23255,60.2
33.23,3565.02,6.13442,60.2
33.24,3565.08,6.0363,60.2
33.25,3565.14,5.93818,60.2
33.26,3565.2,5.84006,60.2
33.27,3565.26,5.74194,60.2
33.28,3565.32,5.64382,60.2
33.29,3565.37,5.5457,60.2
33.3,3565.43,5.44758,60.2
33.31,3565.48,5.34946,60.2
33.32,3565.54,5.25134,60.2
33.33,3565.59,5.15322,60.2
33.34,3565.64,5.05511,60.2
33.35,3565.69,4.95699,60.2
33.36,3565.74,4.85887,60.2
33.37,3565.79,4.76076,60.2
33.38,3565.84,4.66264,60.2
33.39,3565.88,4.56452,60.2
33.4,3565.93,4.46641,60.2
33.41,3565.97,4.36829,60.2
33.42,3566.02,4.27018,60.2
33.43,3566.06,4.17207,60.2
33.44,3566.1,4.07395,60.2
33.45,3566.14,3.97584,60.2
33.46,3566.18,3.87773,60.2
33.47,3566.22,3.77961,60.2
33.48,3566.26,3.6815,60.2
33.49,3566.29,3.58339,60.2
33.5,3566.33,3.48528,60.2
33.51,3566.37,3.38717,60.2
33.52,3566.4,3.28906,60.2
33.53,3566.43,3.19095,60.2
33.54,3566.46,3.09284,60.2
33.55,3566.49,2.99473,60.2
33.56,3566.52,2.89663,60.2
33.57,3566.55,2.79852,60.2
33.58,3566.58,2.70041,60.2
33.59,3566.61,2.6023,60.2
33.6,3566.63,2.5042,60.2
33.61,3566.66,2.40609,60.2
33.62,3566.68,2.30799,60.2
33.63,3566.71,2.20988,60.2
33.64,3566.73,2.11178,60.2
33.65,3566.75,2.01367,60.2
33.66,3566.77,1.91557,60.2
33.67,3566.79,1.81747,60.2
33.68,3566.81,1.71936,60.2
33.69,3566.82,1.62126,60.2
33.7,3566.84,1.52316,60.2
33.71,3566.86,1.42505,60.2
33.72,3566.87,1.32695,60.2
33.73,3566.88,1.22885,60.2
33.74,3566.9,1.13075,60.2
33.75,3566.91,1.03265,60.2
33.76,3566.92,0.934545,60.2
33.77,3566.93,0.836444,60.2
33.78,3566.94,0.738344,60.2
33.79,3566.94,0.640243,60.2
33.8,3566.95,0.542143,60.2
33.81,3566.95,0.444042,60.2
33.82,3566.96,0.345942,60.2
33.83,3566.96,0.247842,60.2
33.84,3566.96,0.149742,60.2
33.85,3566.97,0.0516418,60.2
33.86,3566.97,-0.0464582,60.2
33.87,3566.97,-0.144558,60.2
33.88,3566.97,-0.242658,60.2
33.89,3566.96,-0.340758,60.2
33.9,3566.96,-0.438858,60.2
33.91,3566.95,-0.536958,60.2
33.92,3566.95,-0.635057,60.2
33.93,3566.94,-0.733157,60.2
33.94,3566.94,-0.831256,60.2
33.95,3566.93,-0.929356,60.2
33.96,3566.92,-1.02745,60.2
33.97,3566.91,-1.12555,60.2
33.98,3566.9,-1.22365,60.2
33.99,3566.88,-1.32175,60.2
34,3566.87,-1.41985,60.2
34.01,3566.86,-1.51795,60.2
34.02,3566.84,-1.61604,60.2
34.03,3566.83,-1.71414,60.2
34.04,3566.81,-1.81224,60.2
34.05,3566.79,-1.91034,60.2
34.06,3566.77,-2.00843,60.2
34.07,3566.75,-2.10653,60.2
34.08,3566.73,-2.20462,60.2
34.09,3566.71,-2.30272,60.2
34.1,3566.69,-2.40081,60.2
34.11,3566.66,-2.49891,60.2
34.12,3566.64,-2.597,60.2
34.13,3566.61,-2.6951,60.2
34.14,3566.58,-2.79319,60.2
34.15,3566.56,-2.89128,60.2
34.16,3566.53,-2.98937,60.2
34.17,3566.5,-3.08747,60.2
34.18,3566.47,-3.18556,60.2
34.19,3566.43,-3.28365,60.2
34.2,3566.4,-3.38174,60.2
34.21,3566.37,-3.47983,60.2
34.22,3566.33,-3.57792,60.2
34.23,3566.3,-3.67601,60.2
34.24,3566.26,-3.7741,60.2
34.25,3566.22,-3.87219,60.2
34.26,3566.18,-3.97027,60.2
34.27,3566.14,-4.06836,60.2
34.28,3566.1,-4.16645,60.2
34.29,3566.06,-4.26454,60.2
34.3,3566.02,-4.36262,60.2
34.31,3565.97,-4.46071,60.2
34.32,3565.93,-4.55879,60.2
34.33,3565.88,-4.65688,60.2
34.34,3565.84,-4.75496,60.2
34.35,3565.79,-4.85305,60.2
34.36,3565.74,-4.95113,60.2
34.37,3565.69,-5.04921,60.2
34.38,3565.64,-5.14729,60.2
34.39,3565.59,-5.24538,60.2
34.4,3565.54,-5.34346,60.2
34.41,3565.48,-5.44154,60.2
34.42,3565.43,-5.53962,60.2
34.43,3565.37,-5.6377,60.2
34.44,3565.32,-5.73578,60.2
34.45,3565.26,-5.83386,60.2
34.46,3565.2,-5.93194,60.2
34.47,3565.14,-6.03002,60.2
34.48,3565.08,-6.1281,60.2
34.49,3565.02,-6.22618,60.2
34.5,3564.96,-6.32426,60.2
34.51,3564.9,-6.42233,60.2
34.52,3564.83,-6.52041,60.2
34.53,3564.77,-6.61849,60.2
34.54,3564.7,-6.71656,60.2
34.55,3564.63,-6.81464,60.2
34.56,3564.57,-6.91272,60.2
34.57,3564.5,-7.01079,60.2
34.58,3564.43,-7.10887,60.2
34.59,3564.36,-7.20695,60.2
34.6,3564.28,-7.30502,60.2
34.61,3564.21,-7.4031,60.2
34.62,3564.14,-7.50117,60.2
34.63,3564.06,-7.59925,60.2
34.64,3563.98,-7.69732,60.2
34.65,3563.91,-7.7954,60.2
34.66,3563.83,-7.89348,60.2
34.67,3563.75,-7.99155,60.2
34.68,3563.67,-8.08963,60.2
34.69,3563.59,-8.1877,60.2
34.7,3563.51,-8.28578,60.2
34.71,3563.43,-8.38385,60.2
34.72,3563.34,-8.48193,60.2
34.73,3563.26,-8.58,60.2
34.74,3563.17,-8.67807,60.2
34.75,3563.08,-8.77614,60.2
34.76,3563,-8.87422,60.2
34.77,3562.91,-8.97229,60.2
34.78,3562.82,-9.07036,60.2
34.79,3562.73,-9.16843,60.2
34.8,3562.64,-9.2665,60.2
34.81,3562.54,-9.36457,60.2
34.82,3562.45,-9.46263,60.2
34.83,3562.35,-9.5607,60.2
34.84,3562.26,-9.65877,60.2
34.85,3562.16,-9.75683,60.2
34.86,3562.07,-9.8549,60.2
34.87,3561.97,-9.95296,60.2
34.88,3561.87,-10.051,60.2
34.89,3561.77,-10.1491,60.2
34.9,3561.66,-10.2472,60.2
34.91,3561.56,-10.3452,60.2
34.92,3561.46,-10.4433,60.2
34.93,3561.35,-10.5413,60.2
34.94,3561.25,-10.6394,60.2
34.95,3561.14,-10.7375,60.2
34.96,3561.04,-10.8355,60.2
34.97,3560.93,-10.9336,60.2
34.98,3560.82,-11.0316,60.2
34.99,3560.71,-11.1297,60.2
35,3560.6,-11.2277,60.2
35.01,3560.48,-11.3258,60.2
35.02,3560.37,-11.4238,60.2
35.03,3560.26,-11.5219,60.2
35.04,3560.14,-11.62,60.2
35.05,3560.02,-11.718,60.2
35.06,3559.91,-11.8161,60.2
35.07,3559.79,-11.9141,60.2
35.08,3559.67,-12.0122,60.2
35.09,3559.55,-12.1102,60.2
35.1,3559.43,-12.2082,60.2
35.11,3559.31,-12.3063,60.2
35.12,3559.18,-12.4043,60.2
35.13,3559.06,-12.5024,60.2
35.14,3558.93,-12.6004,60.2
35.15,3558.81,-12.6985,60.2
35.16,3558.68,-12.7965,60.2
35.17,3558.55,-12.8946,60.2
35.18,3558.43,-12.9926,60.2
35.19,3558.3,-13.0906,60.2
35.2,3558.16,-13.1887,60.2
35.21,3558.03,-13.2867,60.2
35.22,3557.9,-13.3848,60.2
35.23,3557.77,-13.4828,60.2
35.24,3557.63,-13.5808,60.2
35.25,3557.5,-13.6789,60.2
35.26,3557.36,-13.7769,60.2
35.27,3557.22,-13.8749,60.2
35.28,3557.08,-13.973,60.2
35.29,3556.94,-14.071,60.2
35.3,3556.8,-14.169,60.2
35.31,3556.66,-14.267,60.2
35.32,3556.52,-14.3651,60.2
35.33,3556.37,-14.4631,60.2
35.34,3556.23,-14.5611,60.2
35.35,3556.08,-14.6592,60.2
35.36,3555.94,-14.7572,60.2
35.37,3555.79,-14.8552,60.2
35.38,3555.64,-14.9532,60.2
35.39,3555.49,-15.0512,60.2
35.4,3555.34,-15.1493,60.2
35.41,3555.19,-15.2473,60.2
35.42,3555.04,-15.3453,60.2
35.43,3554.88,-15.4433,60.2
35.44,3554.73,-15.5413,60.2
35.45,3554.57,-15.6394,60.2
35.46,3554.42,-15.7374,60.2
35.47,3554.26,-15.8354,60.2
35.48,3554.1,-15.9334,60.2
35.49,3553.94,-16.0314,60.2
35.5,3553.78,-16.1294,60.2
35.51,3553.62,-16.2274,60.2
35.52,3553.46,-16.3254,60.2
35.53,3553.29,-16.4234,60.2
35.54,3553.13,-16.5215,60.2
35.55,3552.96,-16.6195,60.2
35.56,3552.8,-16.7175,60.2
35.57,3552.63,-16.8155,60.2
35.58,3552.46,-16.9135,60.2
35.59,3552.29,-17.0115,60.2
35.6,3552.12,-17.1095,60.2
35.61,3551.95,-17.2075,60.2
35.62,3551.78,-17.3055,60.2
35.63,3551.61,-17.4035,60.2
35.64,3551.43,-17.5015,60.2
35.65,3551.26,-17.5994,60.2
35.66,3551.08,-17.6974,60.2
35.67,3550.91,-17.7954,60.2
35.68,3550.73,-17.8934,60.2
35.69,3550.55,-17.9914,60.2
35.7,3550.37,-18.0894,60.2
35.71,3550.19,-18.1874,60.2
35.72,3550.01,-18.2854,60.2
35.73,3549.82,-18.3834,60.2
35.74,3549.64,-18.4813,60.2
35.75,3549.45,-18.5793,60.2
35.76,3549.27,-18.6773,60.2
35.77,3549.08,-18.7753,60.2
35.78,3548.89,-18.8733,60.2
35.79,3548.71,-18.9712,60.2
35.8,3548.52,-19.0692,60.2
35.81,3548.33,-19.1672,60.2
35.82,3548.13,-19.2652,60.2
35.83,3547.94,-19.3631,60.2
35.84,3547.75,-19.4611,60.2
35.85,3547.55,-19.5591,60.2
35.86,3547.36,-19.657,60.2
35.87,3547.16,-19.755,60.2
35.88,3546.96,-19.853,60.2
35.89,3546.76,-19.9509,60.2
35.9,3546.57,-20.0489,60.2
35.91,3546.36,-20.1468,60.2
35.92,3546.16,-20.2448,60.2
35.93,3545.96,-20.3428,60.2
35.94,3545.76,-20.4407,60.2
35.95,3545.55,-20.5387,60.2
35.96,3545.35,-20.6366,60.2
35.97,3545.14,-20.7346,60.2
35.98,3544.93,-20.8325,60.2
35.99,3544.73,-20.9305,60.2
36,3544.52,-21.0284,60.2
36.01,3544.31,-21.1264,60.2
36.02,3544.09,-21.2243,60.2
36.03,3543.88,-21.3223,60.2
36.04,3543.67,-21.4202,60.2
36.05,3543.45,-21.5182,60.2
36.06,3543.24,-21.6161,60.2
36.07,3543.02,-21.714,60.2
36.08,3542.81,-21.812,60.2
36.09,3542.59,-21.9099,60.2
36.1,3542.37,-22.0078,60.2
36.11,3542.15,-22.1058,60.2
36.12,3541.93,-22.2037,60.2
36.13,3541.71,-22.3016,60.2
36.14,3541.48,-22.3996,60.2
36.15,3541.26,-22.4975,60.2
36.16,3541.03,-22.5954,60.2
36.17,3540.81,-22.6933,60.2
36.18,3540.58,-22.7913,60.2
36.19,3540.35,-22.8892,60.2
36.2,3540.12,-22.9871,60.2
36.21,3539.89,-23.085,60.2
36.22,3539.66,-23.1829,60.2
36.23,3539.43,-23.2808,60.2
36.24,3539.2,-23.3788,60.2
36.25,3538.97,-23.4767,60.2
36.26,3538.73,-23.5746,60.2
36.27,3538.49,-23.6725,60.2
36.28,3538.26,-23.7704,60.2
36.29,3538.02,-23.8683,60.2
36.3,3537.78,-23.9662,60.2
36.31,3537.54,-24.0641,60.2
36.32,3537.3,-24.162,60.2
36.33,3537.06,-24.2599,60.2
36.34,3536.82,-24.3578,60.2
36.35,3536.57,-24.4557,60.2
36.36,3536.33,-24.5536,60.2
36.37,3536.08,-24.6515,60.2
36.38,3535.84,-24.7494,60.2
36.39,3535.59,-24.8472,60.2
36.4,3535.34,-24.9451,60.2
36.41,3535.09,-25.043,60.2
36.42,3534.84,-25.1409,60.2
36.43,3534.59,-25.2388,60.2
36.44,3534.34,-25.3367,60.2
36.45,3534.08,-25.4345,60.2
36.46,3533.83,-25.5324,60.2
36.47,3533.57,-25.6303,60.2
36.48,3533.32,-25.7282,60.2
36.49,3533.06,-25.826,60.2
36.5,3532.8,-25.9239,60.2
36.51,3532.54,-26.0218,60.2
36.52,3532.28,-26.1196,60.2
36.53,3532.02,-26.2175,60.2
36.54,3531.76,-26.3154,60.2
36.55,3531.5,-26.4132,60.2
36.56,3531.23,-26.5111,60.2
36.57,3530.97,-26.6089,60.2
36.58,3530.7,-26.7068,60.2
36.59,3530.43,-26.8047,60.2
36.6,3530.17,-26.9025,60.2
36.61,3529.9,-27.0004,60.2
36.62,3529.63,-27.0982,60.2
36.63,3529.36,-27.196,60.2
36.64,3529.08,-27.2939,60.2
36.65,3528.81,-27.3917,60.2
36.66,3528.54,-27.4896,60.2
36.67,3528.26,-27.5874,60.2
36.68,3527.99,-27.6853,60.2
36.69,3527.71,-27.7831,60.2
36.7,3527.43,-27.8809,60.2
36.71,3527.15,-27.9788,60.2
36.72,3526.87,-28.0766,60.2
36.73,3526.59,-28.1744,60.2
36.74,3526.31,-28.2722,60.2
36.75,3526.03,-28.3701,60.2
36.76,3525.74,-28.4679,60.2
36.77,3525.46,-28.5657,60.2
36.78,3525.17,-28.6635,60.2
36.79,3524.89,-28.7613,60.2
36.8,3524.6,-28.8591,60.2
36.81,3524.31,-28.957,60.2
36.82,3524.02,-29.0548,60.2
36.83,3523.73,-29.1526,60.2
36.84,3523.44,-29.2504,60.2
36.85,3523.15,-29.3482,60.2
36.86,3522.85,-29.446,60.2
36.87,3522.56,-29.5438,60.2
36.88,3522.26,-29.6416,60.2
36.89,3521.97,-29.7394,60.2
36.9,3521.67,-29.8372,60.2
36.91,3521.37,-29.935,60.2
36.92,3521.07,-30.0328,60.2
36.93,3520.77,-30.1306,60.2
36.94,3520.47,-30.2283,60.2
36.95,3520.17,-30.3261,60.2
36.96,3519.86,-30.4239,60.2
36.97,3519.56,-30.5217,60.2
36.98,3519.26,-30.6195,60.2
36.99,3518.95,-30.7172,60.2
37,3518.64,-30.815,60.2
37.01,3518.33,-30.9128,60.2
37.02,3518.02,-31.0106,60.2
37.03,3517.71,-31.1083,60.2
37.04,3517.4,-31.2061,60.2
37.05,3517.09,-31.3039,60.2
37.06,3516.78,-31.4016,60.2
37.07,3516.46,-31.4994,60.2
37.08,3516.15,-31.5971,60.2
37.09,3515.83,-31.6949,60.2
37.1,3515.52,-31.7926,60.2
37.11,3515.2,-31.8904,60.2
37.12,3514.88,-31.9881,60.2
37.13,3514.56,-32.0859,60.2
37.14,3514.24,-32.1836,60.2
37.15,3513.92,-32.2814,60.2
37.16,3513.59,-32.3791,60.2
37.17,3513.27,-32.4769,60.2
37.18,3512.95,-32.5746,60.2
37.19,3512.62,-32.6723,60.2
37.2,3512.29,-32.7701,60.2
37.21,3511.97,-32.8678,60.2
37.22,3511.64,-32.9655,60.2
37.23,3511.31,-33.0632,60.2
37.24,3510.98,-33.161,60.2
37.25,3510.64,-33.2587,60.2
37.26,3510.31,-33.3564,60.2
37.27,3509.98,-33.4541,60.2
37.28,3509.64,-33.5518,60.2
37.29,3509.31,-33.6495,60.2
37.3,3508.97,-33.7473,60.2
37.31,3508.63,-33.845,60.2
37.32,3508.3,-33.9427,60.2
37.33,3507.96,-34.0404,60.2
37.34,3507.62,-34.1381,60.2
37.35,3507.28,-34.2358,60.2
37.36,3506.93,-34.3335,60.2
37.37,3506.59,-34.4312,60.2
37.38,3506.25,-34.5288,60.2
37.39,3505.9,-34.6265,60.2
37.4,3505.55,-34.7242,60.2
37.41,3505.21,-34.8219,60.2
37.42,3504.86,-34.9196,60.2
37.43,3504.51,-35.0173,60.2
37.44,3504.16,-35.1149,60.2
37.45,3503.81,-35.2126,60.2
37.46,3503.46,-35.3103,60.2
37.47,3503.1,-35.408,60.2
37.48,3502.75,-35.5056,60.2
37.49,3502.39,-35.6033,60.2
37.5,3502.04,-35.701,60.2
37.51,3501.68,-35.7986,60.2
37.52,3501.32,-35.8963,60.2
37.53,3500.96,-35.9939,60.2
37.54,3500.6,-36.0916,60.2
37.55,3500.24,-36.1892,60.2
37.56,3499.88,-36.2869,60.2
37.57,3499.52,-36.3845,60.2
37.58,3499.15,-36.4822,60.2
37.59,3498.79,-36.5798,60.2
37.6,3498.42,-36.6774,60.2
37.61,3498.06,-36.7751,60.2
37.62,3497.69,-36.8727,60.2
37.63,3497.32,-36.9703,60.2
37.64,3496.95,-37.068,60.2
37.65,3496.58,-37.1656,60.2
37.66,3496.21,-37.2632,60.2
37.67,3495.84,-37.3608,60.2
37.68,3495.46,-37.4585,60.2
37.69,3495.09,-37.5561,60.2
37.7,3494.71,-37.6537,60.2
37.71,3494.33,-37.7513,60.2
37.72,3493.96,-37.8489,60.2
37.73,3493.58,-37.9465,60.2
37.74,3493.2,-38.0441,60.2
37.75,3492.82,-38.1417,60.2
37.76,3492.44,-38.2393,60.2
37.77,3492.06,-38.3369,60.2
37.78,3491.67,-38.4345,60.2
37.79,3491.29,-38.5321,60.2
37.8,3490.9,-38.6297,60.2
37.81,3490.52,-38.7273,60.2
37.82,3490.13,-38.8248,60.2
37.83,3489.74,-38.9224,60.2
37.84,3489.35,-39.02,60.2
37.85,3488.96,-39.1176,60.2
37.86,3488.57,-39.2151,60.2
37.87,3488.18,-39.3127,60.2
37.88,3487.78,-39.4103,60.2
37.89,3487.39,-39.5078,60.2
37.9,3487,-39.6054,60.2
37.91,3486.6,-39.703,60.2
37.92,3486.2,-39.8005,60.2
37.93,3485.8,-39.8981,60.2
37.94,3485.41,-39.9956,60.2
37.95,3485.01,-40.0932,60.2
37.96,3484.6,-40.1907,60.2
37.97,3484.2,-40.2882,60.2
37.98,3483.8,-40.3858,60.2
37.99,3483.4,-40.4833,60.2
38,3482.99,-40.5809,60.2
38.01,3482.58,-40.6784,60.2
38.02,3482.18,-40.7759,60.2
38.03,3481.77,-40.8734,60.2
38.04,3481.36,-40.971,60.2
38.05,3480.95,-41.0685,60.2
38.06,3480.54,-41.166,60.2
38.07,3480.13,-41.2635,60.2
38.08,3479.72,-41.361,60.2
38.09,3479.3,-41.4585,60.2
38.1,3478.89,-41.556,60.2
38.11,3478.47,-41.6535,60.2
38.12,3478.06,-41.751,60.2
38.13,3477.64,-41.8485,60.2
38.14,3477.22,-41.946,60.2
38.15,3476.8,-42.0435,60.2
38.16,3476.38,-42.141,60.2
38.17,3475.96,-42.2385,60.2
38.18,3475.54,-42.336,60.2
38.19,3475.11,-42.4335,60.2
38.2,3474.69,-42.531,60.2
38.21,3474.26,-42.6284,60.2
38.22,3473.84,-42.7259,60.2
38.23,3473.41,-42.8234,60.2
38.24,3472.98,-42.9208,60.2
38.25,3472.55,-43.0183,60.2
38.26,3472.12,-43.1158,60.2
38.27,3471.69,-43.2132,60.2
38.28,3471.26,-43.3107,60.2
38.29,3470.83,-43.4081,60.2
38.3,3470.39,-43.5056,60.2
38.31,3469.96,-43.603,60.2
38.32,3469.52,-43.7005,60.2
38.33,3469.08,-43.7979,60.2
38.34,3468.65,-43.8953,60.2
38.35,3468.21,-43.9928,60.2
38.36,3467.77,-44.0902,60.2
38.37,3467.33,-44.1876,60.2
38.38,3466.88,-44.2851,60.2
38.39,3466.44,-44.3825,60.2
38.4,3466,-44.4799,60.2
38.41,3465.55,-44.5773,60.2
38.42,3465.11,-44.6747,60.2
38.43,3464.66,-44.7721,60.2
38.44,3464.21,-44.8695,60.2
38.45,3463.76,-44.9669,60.2
38.46,3463.31,-45.0643,60.2
38.47,3462.86,-45.1617,60.2
38.48,3462.41,-45.2591,60.2
38.49,3461.96,-45.3565,60.2
38.5,3461.51,-45.4539,60.2
38.51,3461.05,-45.5513,60.2
38.52,3460.6,-45.6487,60.2
38.53,3460.14,-45.7461,60.2
38.54,3459.68,-45.8434,60.2
38.55,3459.22,-45.9408,60.2
38.56,3458.76,-46.0382,60.2
38.57,3458.3,-46.1355,60.2
38.58,3457.84,-46.2329,60.2
38.59,3457.38,-46.3303,60.2
38.6,3456.92,-46.4276,60.2
38.61,3456.45,-46.525,60.2
38.62,3455.99,-46.6223,60.2
38.63,3455.52,-46.7197,60.2
38.64,3455.05,-46.817,60.2
38.65,3454.59,-46.9144,60.2
38.66,3454.12,-47.0117,60.2
38.67,3453.65,-47.109,60.2
38.68,3453.18,-47.2064,60.2
38.69,3452.7,-47.3037,60.2
38.7,3452.23,-47.401,60.2
38.71,3451.76,-47.4984,60.2
38.72,3451.28,-47.5957,60.2
38.73,3450.81,-47.693,60.2
38.74,3450.33,-47.7903,60.2
38.75,3449.85,-47.8876,60.2
38.76,3449.37,-47.9849,60.2
38.77,3448.89,-48.0822,60.2
38.78,3448.41,-48.1795,60.2
38.79,3447.93,-48.2768,60.2
38.8,3447.45,-48.3741,60.2
38.81,3446.96,-48.4714,60.2
38.82,3446.48,-48.5687,60.2
38.83,3445.99,-48.666,60.2
38.84,3445.51,-48.7633,60.2
38.85,3445.02,-48.8605,60.2
38.86,3444.53,-48.9578,60.2
38.87,3444.04,-49.0551,60.2
38.88,3443.55,-49.1523,60.2
38.89,3443.06,-49.2496,60.2
38.9,3442.57,-49.3469,60.2
38.91,3442.07,-49.4441,60.2
38.92,3441.58,-49.5414,60.2
38.93,3441.08,-49.6386,60.2
38.94,3440.59,-49.7359,60.2
38.95,3440.09,-49.8331,60.2
38.96,3439.59,-49.9304,60.2
38.97,3439.09,-50.0276,60.2
38.98,3438.59,-50.1248,60.2
38.99,3438.09,-50.2221,60.2
39,3437.59,-50.3193,60.2
39.01,3437.08,-50.4165,60.2
39.02,3436.58,-50.5137,60.2
39.03,3436.07,-50.6109,60.2
39.04,3435.57,-50.7081,60.2
39.05,3435.06,-50.8054,60.2
39.06,3434.55,-50.9026,60.2
39.07,3434.04,-50.9998,60.2
39.08,3433.53,-51.097,60.2
39.09,3433.02,-51.1942,60.2
39.1,3432.51,-51.2913,60.2
39.11,3432,-51.3885,60.2
39.12,3431.48,-51.4857,60.2
39.13,3430.97,-51.5829,60.2
39.14,3430.45,-51.6801,60.2
39.15,3429.94,-51.7773,60.2
39.16,3429.42,-51.8744,60.2
39.17,3428.9,-51.9716,60.2
39.18,3428.38,-52.0688,60.2
39.19,3427.86,-52.1659,60.2
39.2,3427.34,-52.2631,60.2
39.21,3426.82,-52.3602,60.2
39.22,3426.29,-52.4574,60.2
39.23,3425.77,-52.5545,60.2
39.24,3425.24,-52.6517,60.2
39.25,3424.72,-52.7488,60.2
39.26,3424.19,-52.8459,60.2
39.27,3423.66,-52.9431,60.2
39.28,3423.13,-53.0402,60.2
39.29,3422.6,-53.1373,60.2
39.3,3422.07,-53.2344,60.2
39.31,3421.54,-53.3315,60.2
39.32,3421,-53.4287,60.2
39.33,3420.47,-53.5258,60.2
39.34,3419.93,-53.6229,60.2
39.35,3419.4,-53.72,60.2
39.36,3418.86,-53.8171,60.2
39.37,3418.32,-53.9142,60.2
39.38,3417.78,-54.0112,60.2
39.39,3417.24,-54.1083,60.2
39.4,3416.7,-54.2054,60.2
39.41,3416.16,-54.3025,60.2
39.42,3415.62,-54.3996,60.2
39.43,3415.07,-54.4966,60.2
39.44,3414.53,-54.5937,60.2
39.45,3413.98,-54.6908,60.2
39.46,3413.43,-54.7878,60.2
39.47,3412.89,-54.8849,60.2
39.48,3412.34,-54.9819,60.2
39.49,3411.79,-55.079,60.2
39.5,3411.24,-55.176,60.2
39.51,3410.69,-55.2731,60.2
39.52,3410.13,-55.3701,60.2
39.53,3409.58,-55.4671,60.2
39.54,3409.02,-55.5642,60.2
39.55,3408.47,-55.6612,60.2
39.56,3407.91,-55.7582,60.2
39.57,3407.35,-55.8552,60.2
39.58,3406.8,-55.9523,60.2
39.59,3406.24,-56.0493,60.2
39.6,3405.68,-56.1463,60.2
39.61,3405.11,-56.2433,60.2
39.62,3404.55,-56.3403,60.2
39.63,3403.99,-56.4373,60.2
39.64,3403.42,-56.5343,60.2
39.65,3402.86,-56.6312,60.2
39.66,3402.29,-56.7282,60.2
39.67,3401.73,-56.8252,60.2
39.68,3401.16,-56.9222,60.2
39.69,3400.59,-57.0191,60.2
39.7,3400.02,-57.1161,60.2
39.71,3399.45,-57.2131,60.2
39.72,3398.87,-57.31,60.2
39.73,3398.3,-57.407,60.2
39.74,3397.73,-57.5039,60.2
39.75,3397.15,-57.6009,60.2
39.76,3396.58,-57.6978,60.2
39.77,3396,-57.7948,60.2
39.78,3395.42,-57.8917,60.2
39.79,3394.84,-57.9886,60.2
39.8,3394.26,-58.0856,60.2
39.81,3393.68,-58.1825,60.2
39.82,3393.1,-58.2794,60.2
39.83,3392.52,-58.3763,60.2
39.84,3391.93,-58.4732,60.2
39.85,3391.35,-58.5701,60.2
39.86,3390.76,-58.6671,60.2
39.87,3390.18,-58.764,60.2
39.88,3389.59,-58.8608,60.2
39.89,3389,-58.9577,60.2
39.9,3388.41,-59.0546,60.2
39.91,3387.82,-59.1515,60.2
39.92,3387.23,-59.2484,60.2
39.93,3386.64,-59.3453,60.2
39.94,3386.04,-59.4421,60.2
39.95,3385.45,-59.539,60.2
39.96,3384.85,-59.6359,60.2
39.97,3384.26,-59.7327,60.2
39.98,3383.66,-59.8296,60.2
39.99,3383.06,-59.9264,60.2
40,3382.46,-60.0233,60.2
40.01,3381.86,-60.1201,60.2
40.02,3381.26,-60.217,60.2
40.03,3380.66,-60.3138,60.2
40.04,3380.05,-60.4106,60.2
40.05,3379.45,-60.5074,60.2
40.06,3378.84,-60.6043,60.2
40.07,3378.24,-60.7011,60.2
40.08,3377.63,-60.7979,60.2
40.09,3377.02,-60.8947,60.2
40.1,3376.41,-60.9915,60.2
40.11,3375.81,-61.0883,60.2
40.12,3375.19,-61.1851,60.2
40.13,3374.58,-61.2819,60.2
40.14,3373.97,-61.3787,60.2
40.15,3373.36,-61.4755,60.2
40.16,3372.74,-61.5722,60.2
40.17,3372.13,-61.669,60.2
40.18,3371.51,-61.7658,60.2
40.19,3370.89,-61.8626,60.2
40.2,3370.27,-61.9593,60.2
40.21,3369.65,-62.0561,60.2
40.22,3369.03,-62.1528,60.2
40.23,3368.41,-62.2496,60.2
40.24,3367.79,-62.3463,60.2
40.25,3367.16,-62.4431,60.2
40.26,3366.54,-62.5398,60.2
40.27,3365.91,-62.6365,60.2
40.28,3365.29,-62.7333,60.2
40.29,3364.66,-62.83,60.2
40.3,3364.03,-62.9267,60.2
40.31,3363.4,-63.0234,60.2
40.32,3362.77,-63.1201,60.2
40.33,3362.14,-63.2168,60.2
40.34,3361.51,-63.3135,60.2
40.35,3360.88,-63.4102,60.2
40.36,3360.24,-63.5069,60.2
40.37,3359.61,-63.6036,60.2
40.38,3358.97,-63.7003,60.2
40.39,3358.33,-63.797,60.2
40.4,3357.7,-63.8937,60.2
40.41,3357.06,-63.9903,60.2
40.42,3356.42,-64.087,60.2
40.43,3355.78,-64.1837,60.2
40.44,3355.14,-64.2803,60.2
40.45,3354.49,-64.377,60.2
40.46,3353.85,-64.4736,60.2
40.47,3353.2,-64.5703,60.2
40.48,3352.56,-64.6669,60.2
40.49,3351.91,-64.7635,60.2
40.5,3351.26,-64.8602,60.2
40.51,3350.62,-64.9568,60.2
40.52,3349.97,-65.0534,60.2
40.53,3349.32,-65.15,60.2
40.54,3348.66,-65.2467,60.2
40.55,3348.01,-65.3433,60.2
40.56,3347.36,-65.4399,60.2
40.57,3346.7,-65.5365,60.2
40.58,3346.05,-65.6331,60.2
40.59,3345.39,-65.7297,60.2
40.6,3344.73,-65.8262,60.2
40.61,3344.08,-65.9228,60.2
40.62,3343.42,-66.0194,60.2
40.63,3342.76,-66.116,60.2
40.64,3342.1,-66.2125,60.2
40.65,3341.43,-66.3091,60.2
40.66,3340.77,-66.4057,60.2
40.67,3340.11,-66.5022,60.2
40.68,3339.44,-66.5988,60.2
40.69,3338.78,-66.6953,60.2
40.7,3338.11,-66.7918,60.2
40.71,3337.44,-66.8884,60.2
40.72,3336.77,-66.9849,60.2
40.73,3336.1,-67.0814,60.2
40.74,3335.43,-67.178,60.2
40.75,3334.76,-67.2745,60.2
40.76,3334.09,-67.371,60.2
40.77,3333.41,-67.4675,60.2
40.78,3332.74,-67.564,60.2
40.79,3332.06,-67.6605,60.2
40.8,3331.39,-67.757,60.2
40.81,3330.71,-67.8535,60.2
40.82,3330.03,-67.95,60.2
40.83,3329.35,-68.0464,60.2
40.84,3328.67,-68.1429,60.2
40.85,3327.99,-68.2394,60.2
40.86,3327.31,-68.3358,60.2
40.87,3326.62,-68.4323,60.2
40.88,3325.94,-68.5287,60.2
40.89,3325.25,-68.6252,60.2
40.9,3324.57,-68.7216,60.2
40.91,3323.88,-68.8181,60.2
40.92,3323.19,-68.9145,60.2
40.93,3322.5,-69.0109,60.2
40.94,3321.81,-69.1074,60.2
40.95,3321.12,-69.2038,60.2
40.96,3320.43,-69.3002,60.2
40.97,3319.74,-69.3966,60.2
40.98,3319.04,-69.493,60.2
40.99,3318.35,-69.5894,60.2
41,3317.65,-69.6858,60.2
41.01,3316.95,-69.7822,60.2
41.02,3316.26,-69.8786,60.2
41.03,3315.56,-69.975,60.2
41.04,3314.86,-70.0714,60.2
41.05,3314.16,-70.1677,60.2
41.06,3313.46,-70.2641,60.2
41.07,3312.75,-70.3605,60.2
41.08,3312.05,-70.4568,60.2
41.09,3311.34,-70.5532,60.2
41.1,3310.64,-70.6495,60.2
41.11,3309.93,-70.7459,60.2
41.12,3309.22,-70.8422,60.2
41.13,3308.52,-70.9385,60.2
41.14,3307.81,-71.0349,60.2
41.15,3307.1,-71.1312,60.2
41.16,3306.39,-71.2275,60.2
41.17,3305.67,-71.3238,60.2
41.18,3304.96,-71.4201,60.2
41.19,3304.25,-71.5164,60.2
41.2,3303.53,-71.6127,60.2
41.21,3302.81,-71.709,60.2
41.22,3302.1,-71.8053,60.2
41.23,3301.38,-71.9016,60.2
41.24,3300.66,-71.9979,60.2
41.25,3299.94,-72.0941,60.2
41.26,3299.22,-72.1904,60.2
41.27,3298.5,-72.2867,60.2
41.28,3297.77,-72.3829,60.2
41.29,3297.05,-72.4792,60.2
41.3,3296.33,-72.5754,60.2
41.31,3295.6,-72.6716,60.2
41.32,3294.87,-72.7679,60.2
41.33,3294.15,-72.8641,60.2
41.34,3293.42,-72.9603,60.2
41.35,3292.69,-73.0566,60.2
41.36,3291.96,-73.1528,60.2
41.37,3291.23,-73.249,60.2
41.38,3290.49,-73.3452,60.2
41.39,3289.76,-73.4414,60.2
41.4,3289.03,-73.5376,60.2
41.41,3288.29,-73.6338,60.2
41.42,3287.55,-73.73,60.2
41.43,3286.82,-73.8261,60.2
41.44,3286.08,-73.9223,60.2
41.45,3285.34,-74.0185,60.2
41.46,3284.6,-74.1147,60.2
41.47,3283.86,-74.2108,60.2
41.48,3283.12,-74.307,60.2
41.49,3282.37,-74.4031,60.2
41.5,3281.63,-74.4993,60.2
41.51,3280.88,-74.5954,60.2
41.52,3280.14,-74.6915,60.2
41.53,3279.39,-74.7876,60.2
41.54,3278.64,-74.8838,60.2
41.55,3277.89,-74.9799,60.2
41.56,3277.14,-75.076,60.2
41.57,3276.39,-75.1721,60.2
41.58,3275.64,-75.2682,60.2
41.59,3274.89,-75.3643,60.2
41.6,3274.13,-75.4604,60.2
41.61,3273.38,-75.5565,60.2
41.62,3272.62,-75.6526,60.2
41.63,3271.87,-75.7486,60.2
41.64,3271.11,-75.8447,60.2
41.65,3270.35,-75.9408,60.2
41.66,3269.59,-76.0368,60.2
41.67,3268.83,-76.1329,60.2
41.68,3268.07,-76.2289,60.2
41.69,3267.31,-76.325,60.2
41.7,3266.55,-76.421,60.2
41.71,3265.78,-76.517,60.2
41.72,3265.02,-76.6131,60.2
41.73,3264.25,-76.7091,60.2
41.74,3263.48,-76.8051,60.2
41.75,3262.72,-76.9011,60.2
41.76,3261.95,-76.9971,60.2
41.77,3261.18,-77.0931,60.2
41.78,3260.41,-77.1891,60.2
41.79,3259.63,-77.2851,60.2
41.8,3258.86,-77.3811,60.2
41.81,3258.09,-77.477,60.2
41.82,3257.31,-77.573,60.2
41.83,3256.54,-77.669,60.2
41.84,3255.76,-77.7649,60.2
41.85,3254.98,-77.8609,60.2
41.86,3254.2,-77.9568,60.2
41.87,3253.42,-78.0528,60.2
41.88,3252.64,-78.1487,60.2
41.89,3251.86,-78.2446,60.2
41.9,3251.08,-78.3406,60.2
41.91,3250.3,-78.4365,60.2
41.92,3249.51,-78.5324,60.2
41.93,3248.73,-78.6283,60.2
41.94,3247.94,-78.7242,60.2
41.95,3247.15,-78.8201,60.2
41.96,3246.36,-78.916,60.2
41.97,3245.58,-79.0119,60.2
41.98,3244.79,-79.1078,60.2
41.99,3243.99,-79.2037,60.2
42,3243.2,-79.2995,60.2
42.01,3242.41,-79.3954,60.2
42.02,3241.61,-79.4913,60.2
42.03,3240.82,-79.5871,60.2
42.04,3240.02,-79.683,60.2
42.05,3239.23,-79.7788,60.2
42.06,3238.43,-79.8746,60.2
42.07,3237.63,-79.9705,60.2
42.08,3236.83,-80.0663,60.2
42.09,3236.03,-80.1621,60.2
42.1,3235.23,-80.2579,60.2
42.11,3234.43,-80.3537,60.2
42.12,3233.62,-80.4495,60.2
42.13,3232.82,-80.5453,60.2
42.14,3232.01,-80.6411,60.2
42.15,3231.21,-80.7369,60.2
42.16,3230.4,-80.8327,60.2
42.17,3229.59,-80.9285,60.2
42.18,3228.78,-81.0242,60.2
42.19,3227.97,-81.12,60.2
42.2,3227.16,-81.2157,60.2
42.21,3226.35,-81.3115,60.2
42.22,3225.53,-81.4072,60.2
42.23,3224.72,-81.503,60.2
42.24,3223.91,-81.5987,60.2
42.25,3223.09,-81.6944,60.2
42.26,3222.27,-81.7902,60.2
42.27,3221.45,-81.8859,60.2
42.28,3220.64,-81.9816,60.2
42.29,3219.82,-82.0773,60.2
42.3,3219,-82.173,60.2
42.31,3218.17,-82.2687,60.2
42.32,3217.35,-82.3644,60.2
42.33,3216.53,-82.46,60.2
42.34,3215.7,-82.5557,60.2
42.35,3214.88,-82.6514,60.2
42.36,3214.05,-82.7471,60.2
42.37,3213.22,-82.8427,60.2
42.38,3212.39,-82.9384,60.2
42.39,3211.57,-83.034,60.2
42.4,3210.73,-83.1296,60.2
42.41,3209.9,-83.2253,60.2
42.42,3209.07,-83.3209,60.2
42.43,3208.24,-83.4165,60.2
42.44,3207.4,-83.5121,60.2
42.45,3206.57,-83.6078,60.2
42.46,3205.73,-83.7034,60.2
42.47,3204.9,-83.799,60.2
42.48,3204.06,-83.8945,60.2
42.49,3203.22,-83.9901,60.2
42.5,3202.38,-84.0857,60.2
42.51,3201.54,-84.1813,60.2
42.52,3200.7,-84.2769,60.2
42.53,3199.85,-84.3724,60.2
42.54,3199.01,-84.468,60.2
42.55,3198.17,-84.5635,60.2
42.56,3197.32,-84.6591,60.2
42.57,3196.47,-84.7546,60.2
42.58,3195.63,-84.8501,60.2
42.59,3194.78,-84.9457,60.2
42.6,3193.93,-85.0412,60.2
42.61,3193.08,-85.1367,60.2
42.62,3192.23,-85.2322,60.2
42.63,3191.37,-85.3277,60.2
42.64,3190.52,-85.4232,60.2
42.65,3189.67,-85.5187,60.2
42.66,3188.81,-85.6142,60.2
42.67,3187.95,-85.7096,60.2
42.68,3187.1,-85.8051,60.2
42.69,3186.24,-85.9006,60.2
42.7,3185.38,-85.996,60.2
42.71,3184.52,-86.0915,60.2
42.72,3183.66,-86.1869,60.2
42.73,3182.8,-86.2824,60.2
42.74,3181.93,-86.3778,60.2
42.75,3181.07,-86.4732,60.2
42.76,3180.21,-86.5686,60.2
42.77,3179.34,-86.6641,60.2
42.78,3178.47,-86.7595,60.2
42.79,3177.61,-86.8549,60.2
42.8,3176.74,-86.9503,60.2
42.81,3175.87,-87.0456,60.2
42.82,3175,-87.141,60.2
42.83,3174.13,-87.2364,60.2
42.84,3173.25,-87.3318,60.2
42.85,3172.38,-87.4271,60.2
42.86,3171.51,-87.5225,60.2
42.87,3170.63,-87.6178,60.2
42.88,3169.75,-87.7132,60.2
42.89,3168.88,-87.8085,60.2
42.9,3168,-87.9039,60.2
42.91,3167.12,-87.9992,60.2
42.92,3166.24,-88.0945,60.2
42.93,3165.36,-88.1898,60.2
42.94,3164.48,-88.2851,60.2
42.95,3163.6,-88.3804,60.2
42.96,3162.71,-88.4757,60.2
42.97,3161.83,-88.571,60.2
42.98,3160.94,-88.6663,60.2
42.99,3160.05,-88.7616,60.2
43,3159.17,-88.8568,60.2
43.01,3158.28,-88.9521,60.2
43.02,3157.39,-89.0474,60.2
43.03,3156.5,-89.1426,60.2
43.04,3155.61,-89.2379,60.2
43.05,3154.71,-89.3331,60.2
43.06,3153.82,-89.4283,60.2
43.07,3152.93,-89.5235,60.2
43.08,3152.03,-89.6188,60.2
43.09,3151.14,-89.714,60.2
43.1,3150.24,-89.8092,60.2
43.11,3149.34,-89.9044,60.2
43.12,3148.44,-89.9996,60.2
43.13,3147.54,-90.0947,60.2
43.14,3146.64,-90.1899,60.2
43.15,3145.74,-90.2851,60.2
43.16,3144.84,-90.3803,60.2
43.17,3143.93,-90.4754,60.2
43.18,3143.03,-90.5706,60.2
43.19,3142.12,-90.6657,60.2
43.2,3141.21,-90.7609,60.2
43.21,3140.31,-90.856,60.2
43.22,3139.4,-90.9511,60.2
43.23,3138.49,-91.0462,60.2
43.24,3137.58,-91.1414,60.2
43.25,3136.67,-91.2365,60.2
43.26,3135.75,-91.3316,60.2
43.27,3134.84,-91.4266,60.2
43.28,3133.93,-91.5217,60.2
43.29,3133.01,-91.6168,60.2
43.3,3132.1,-91.7119,60.2
43.31,3131.18,-91.807,60.2
43.32,3130.26,-91.902,60.2
43.33,3129.34,-91.9971,60.2
43.34,3128.42,-92.0921,60.2
43.35,3127.5,-92.1872,60.2
43.36,3126.58,-92.2822,60.2
43.37,3125.66,-92.3772,60.2
43.38,3124.73,-92.4722,60.2
43.39,3123.81,-92.5672,60.2
43.4,3122.88,-92.6623,60.2
43.41,3121.95,-92.7573,60.2
43.42,3121.03,-92.8522,60.2
43.43,3120.1,-92.9472,60.2
43.44,3119.17,-93.0422,60.2
43.45,3118.24,-93.1372,60.2
43.46,3117.31,-93.2322,60.2
43.47,3116.38,-93.3271,60.2
43.48,3115.44,-93.4221,60.2
43.49,3114.51,-93.517,60.2
43.5,3113.57,-93.6119,60.2
43.51,3112.64,-93.7069,60.2
43.52,3111.7,-93.8018,60.2
43.53,3110.76,-93.8967,60.2
43.54,3109.82,-93.9916,60.2
43.55,3108.88,-94.0865,60.2
43.56,3107.94,-94.1814,60.2
43.57,3107,-94.2763,60.2
43.58,3106.06,-94.3712,60.2
43.59,3105.11,-94.4661,60.2
43.6,3104.17,-94.561,60.2
43.61,3103.22,-94.6558,60.2
43.62,3102.28,-94.7507,60.2
43.63,3101.33,-94.8455,60.2
43.64,3100.38,-94.9404,60.2
43.65,3099.43,-95.0352,60.2
43.66,3098.48,-95.13,60.2
43.67,3097.53,-95.2249,60.2
43.68,3096.58,-95.3197,60.2
43.69,3095.62,-95.4145,60.2
43.7,3094.67,-95.5093,60.2
43.71,3093.71,-95.6041,60.2
43.72,3092.76,-95.6989,60.2
43.73,3091.8,-95.7936,60.2
43.74,3090.84,-95.8884,60.2
43.75,3089.88,-95.9832,60.2
43.76,3088.92,-96.0779,60.2
43.77,3087.96,-96.1727,60.2
43.78,3087,-96.2674,60.2
43.79,3086.04,-96.3622,60.2
43.8,3085.08,-96.4569,60.2
43.81,3084.11,-96.5516,60.2
43.82,3083.15,-96.6464,60.2
43.83,3082.18,-96.7411,60.2
43.84,3081.21,-96.8358,60.2
43.85,3080.24,-96.9305,60.2
43.86,3079.27,-97.0252,60.2
43.87,3078.3,-97.1198,60.2
43.88,3077.33,-97.2145,60.2
43.89,3076.36,-97.3092,60.2
43.9,3075.39,-97.4038,60.2
43.91,3074.41,-97.4985,60.2
43.92,3073.44,-97.5931,60.2
43.93,3072.46,-97.6878,60.2
43.94,3071.49,-97.7824,60.2
43.95,3070.51,-97.877,60.2
43.96,3069.53,-97.9716,60.2
43.97,3068.55,-98.0663,60.2
43.98,3067.57,-98.1609,60.2
43.99,3066.59,-98.2555,60.2
44,3065.6,-98.35,60.2
44.01,3064.62,-98.4446,60.2
44.02,3063.64,-98.5392,60.2
44.03,3062.65,-98.6338,60.2
44.04,3061.67,-98.7283,60.2
44.05,3060.68,-98.8229,60.2
44.06,3059.69,-98.9174,60.2
44.07,3058.7,-99.012,60.2
44.08,3057.71,-99.1065,60.2
44.09,3056.72,-99.201,60.2
44.1,3055.73,-99.2955,60.2
44.11,3054.73,-99.39,60.2
44.12,3053.74,-99.4846,60.2
44.13,3052.75,-99.579,60.2
44.14,3051.75,-99.6735,60.2
44.15,3050.75,-99.768,60.2
44.16,3049.76,-99.8625,60.2
44.17,3048.76,-99.957,60.2
44.18,3047.76,-100.051,60.2
44.19,3046.76,-100.146,60.2
44.2,3045.76,-100.24,60.2
44.21,3044.75,-100.335,60.2
44.22,3043.75,-100.429,60.2
44.23,3042.75,-100.524,60.2
44.24,3041.74,-100.618,60.2
44.25,3040.73,-100.712,60.2
44.26,3039.73,-100.807,60.2
44.27,3038.72,-100.901,60.2
44.28,3037.71,-100.996,60.2
44.29,3036.7,-101.09,60.2
44.3,3035.69,-101.184,60.2
44.31,3034.68,-101.279,60.2
44.32,3033.66,-101.373,60.2
44.33,3032.65,-101.467,60.2
44.34,3031.64,-101.562,60.2
44.35,3030.62,-101.656,60.2
44.36,3029.6,-101.75,60.2
44.37,3028.59,-101.845,60.2
44.38,3027.57,-101.939,60.2
44.39,3026.55,-102.033,60.2
44.4,3025.53,-102.128,60.2
44.41,3024.51,-102.222,60.2
44.42,3023.48,-102.316,60.2
44.43,3022.46,-102.411,60.2
44.44,3021.44,-102.505,60.2
44.45,3020.41,-102.599,60.2
44.46,3019.39,-102.693,60.2
44.47,3018.36,-102.788,60.2
44.48,3017.33,-102.882,60.2
44.49,3016.3,-102.976,60.2
44.5,3015.27,-103.07,60.2
44.51,3014.24,-103.164,60.2
44.52,3013.21,-103.259,60.2
44.53,3012.18,-103.353,60.2
44.54,3011.14,-103.447,60.2
44.55,3010.11,-103.541,60.2
44.56,3009.07,-103.635,60.2
44.57,3008.04,-103.73,60.2
44.58,3007,-103.824,60.2
44.59,3005.96,-103.918,60.2
44.6,3004.92,-104.012,60.2
44.61,3003.88,-104.106,60.2
44.62,3002.84,-104.2,60.2
44.63,3001.8,-104.294,60.2
44.64,3000.76,-104.389,60.2
44.65,2999.71,-104.483,60.2
44.66,2998.67,-104.577,60.2
44.67,2997.62,-104.671,60.2
44.68,2996.58,-104.765,60.2
44.69,2995.53,-104.859,60.2
44.7,2994.48,-104.953,60.2
44.71,2993.43,-105.047,60.2
44.72,2992.38,-105.141,60.2
44.73,2991.33,-105.235,60.2
44.74,2990.28,-105.329,60.2
44.75,2989.22,-105.423,60.2
44.76,2988.17,-105.517,60.2
44.77,2987.11,-105.611,60.2
44.78,2986.06,-105.705,60.2
44.79,2985,-105.799,60.2
44.8,2983.94,-105.893,60.2
44.81,2982.88,-105.987,60.2
44.82,2981.82,-106.081,60.2
44.83,2980.76,-106.175,60.2
44.84,2979.7,-106.269,60.2
44.85,2978.64,-106.363,60.2
44.86,2977.57,-106.457,60.2
44.87,2976.51,-106.551,60.2
44.88,2975.44,-106.645,60.2
44.89,2974.38,-106.739,60.2
44.9,2973.31,-106.833,60.2
44.91,2972.24,-106.927,60.2
44.92,2971.17,-107.021,60.2
44.93,2970.1,-107.115,60.2
44.94,2969.03,-107.209,60.2
44.95,2967.96,-107.302,60.2
44.96,2966.89,-107.396,60.2
44.97,2965.81,-107.49,60.2
44.98,2964.74,-107.584,60.2
44.99,2963.66,-107.678,60.2
45,2962.58,-107.772,60.2
45.01,2961.51,-107.865,60.2
45.02,2960.43,-107.959,60.2
45.03,2959.35,-108.053,60.2
45.04,2958.27,-108.147,60.2
45.05,2957.19,-108.241,60.2
45.06,2956.1,-108.334,60.2
45.07,2955.02,-108.428,60.2
45.08,2953.94,-108.522,60.2
45.09,2952.85,-108.616,60.2
45.1,2951.77,-108.71,60.2
45.11,2950.68,-108.803,60.2
45.12,2949.59,-108.897,60.2
45.13,2948.5,-108.991,60.2
45.14,2947.41,-109.084,60.2
45.15,2946.32,-109.178,60.2
45.16,2945.23,-109.272,60.2
45.17,2944.14,-109.366,60.2
45.18,2943.04,-109.459,60.2
45.19,2941.95,-109.553,60.2
45.2,2940.85,-109.647,60.2
45.21,2939.76,-109.74,60.2
45.22,2938.66,-109.834,60.2
45.23,2937.56,-109.928,60.2
45.24,2936.46,-110.021,60.2
45.25,2935.36,-110.115,60.2
45.26,2934.26,-110.209,60.2
45.27,2933.16,-110.302,60.2
45.28,2932.05,-110.396,60.2
45.29,2930.95,-110.489,60.2
45.3,2929.85,-110.583,60.2
45.31,2928.74,-110.677,60.2
45.32,2927.63,-110.77,60.2
45.33,2926.53,-110.864,60.2
45.34,2925.42,-110.957,60.2
45.35,2924.31,-111.051,60.2
45.36,2923.2,-111.144,60.2
45.37,2922.09,-111.238,60.2
45.38,2920.97,-111.331,60.2
45.39,2919.86,-111.425,60.2
45.4,2918.75,-111.518,60.2
45.41,2917.63,-111.612,60.2
45.42,2916.51,-111.705,60.2
45.43,2915.4,-111.799,60.2
45.44,2914.28,-111.892,60.2
45.45,2913.16,-111.986,60.2
45.46,2912.04,-112.079,60.2
45.47,2910.92,-112.173,60.2
45.48,2909.8,-112.266,60.2
45.49,2908.67,-112.36,60.2
45.5,2907.55,-112.453,60.2
45.51,2906.43,-112.546,60.2
45.52,2905.3,-112.64,60.2
45.53,2904.17,-112.733,60.2
45.54,2903.05,-112.827,60.2
45.55,2901.92,-112.92,60.2
45.56,2900.79,-113.013,60.2
45.57,2899.66,-113.107,60.2
45.58,2898.53,-113.2,60.2
45.59,2897.4,-113.293,60.2
45.6,2896.26,-113.387,60.2
45.61,2895.13,-113.48,60.2
45.62,2894,-113.573,60.2
45.63,2892.86,-113.667,60.2
45.64,2891.72,-113.76,60.2
45.65,2890.59,-113.853,60.2
45.66,2889.45,-113.946,60.2
45.67,2888.31,-114.04,60.2
45.68,2887.17,-114.133,60.2
45.69,2886.03,-114.226,60.2
45.7,2884.88,-114.32,60.2
45.71,2883.74,-114.413,60.2
45.72,2882.6,-114.506,60.2
45.73,2881.45,-114.599,60.2
45.74,2880.3,-114.692,60.2
45.75,2879.16,-114.786,60.2
45.76,2878.01,-114.879,60.2
45.77,2876.86,-114.972,60.2
45.78,2875.71,-115.065,60.2
45.79,2874.56,-115.158,60.2
45.8,2873.41,-115.252,60.2
45.81,2872.26,-115.345,60.2
45.82,2871.1,-115.438,60.2
45.83,2869.95,-115.531,60.2
45.84,2868.79,-115.624,60.2
45.85,2867.64,-115.717,60.2
45.86,2866.48,-115.81,60.2
45.87,2865.32,-115.903,60.2
45.88,2864.16,-115.997,60.2
45.89,2863,-116.09,60.2
45.9,2861.84,-116.183,60.2
45.91,2860.68,-116.276,60.2
45.92,2859.52,-116.369,60.2
45.93,2858.35,-116.462,60.2
45.94,2857.19,-116.555,60.2
45.95,2856.02,-116.648,60.2
45.96,2854.86,-116.741,60.2
45.97,2853.69,-116.834,60.2
45.98,2852.52,-116.927,60.2
45.99,2851.35,-117.02,60.2
46,2850.18,-117.113,60.2
46.01,2849.01,-117.206,60.2
46.02,2847.84,-117.299,60.2
46.03,2846.67,-117.392,60.2
46.04,2845.49,-117.485,60.2
46.05,2844.32,-117.578,60.2
46.06,2843.14,-117.671,60.2
46.07,2841.96,-117.764,60.2
46.08,2840.79,-117.856,60.2
46.09,2839.61,-117.949,60.2
46.1,2838.43,-118.042,60.2
46.11,2837.25,-118.135,60.2
46.12,2836.07,-118.228,60.2
46.13,2834.88,-118.321,60.2
46.14,2833.7,-118.414,60.2
46.15,2832.52,-118.507,60.2
46.16,2831.33,-118.599,60.2
46.17,2830.15,-118.692,60.2
46.18,2828.96,-118.785,60.2
46.19,2827.77,-118.878,60.2
46.2,2826.58,-118.971,60.2
46.21,2825.39,-119.064,60.2
46.22,2824.2,-119.156,60.2
46.23,2823.01,-119.249,60.2
46.24,2821.82,-119.342,60.2
46.25,2820.63,-119.435,60.2
46.26,2819.43,-119.527,60.2
46.27,2818.24,-119.62,60.2
46.28,2817.04,-119.713,60.2
46.29,2815.84,-119.806,60.2
46.3,2814.64,-119.898,60.2
46.31,2813.45,-119.991,60.2
46.32,2812.25,-120.084,60.2
46.33,2811.04,-120.176,60.2
46.34,2809.84,-120.269,60.2
46.35,2808.64,-120.362,60.2
46.36,2807.44,-120.454,60.2
46.37,2806.23,-120.547,60.2
46.38,2805.03,-120.64,60.2
46.39,2803.82,-120.732,60.2
46.4,2802.61,-120.825,60.2
46.41,2801.4,-120.918,60.2
46.42,2800.2,-121.01,60.2
46.43,2798.99,-121.103,60.2
46.44,2797.77,-121.195,60.2
46.45,2796.56,-121.288,60.2
46.46,2795.35,-121.38,60.2
46.47,2794.14,-121.473,60.2
46.48,2792.92,-121.566,60.2
46.49,2791.71,-121.658,60.2
46.5,2790.49,-121.751,60.2
46.51,2789.27,-121.843,60.2
46.52,2788.05,-121.936,60.2
46.53,2786.83,-122.028,60.2
46.54,2785.61,-122.121,60.2
46.55,2784.39,-122.213,60.2
46.56,2783.17,-122.306,60.2
46.57,2781.95,-122.398,60.2
46.58,2780.72,-122.491,60.2
46.59,2779.5,-122.583,60.2
46.6,2778.27,-122.675,60.2
46.61,2777.05,-122.768,60.2
46.62,2775.82,-122.86,60.2
46.63,2774.59,-122.953,60.2
46.64,2773.36,-123.045,60.2
46.65,2772.13,-123.137,60.2
46.66,2770.9,-123.23,60.2
46.67,2769.67,-123.322,60.2
46.68,2768.43,-123.415,60.2
46.69,2767.2,-123.507,60.2
46.7,2765.96,-123.599,60.2
46.71,2764.73,-123.692,60.2
46.72,2763.49,-123.784,60.2
46.73,2762.25,-123.876,60.2
46.74,2761.01,-123.969,60.2
46.75,2759.77,-124.061,60.2
46.76,2758.53,-124.153,60.2
46.77,2757.29,-124.245,60.2
46.78,2756.05,-124.338,60.2
46.79,2754.81,-124.43,60.2
46.8,2753.56,-124.522,60.2
46.81,2752.32,-124.614,60.2
46.82,2751.07,-124.707,60.2
46.83,2749.82,-124.799,60.2
46.84,2748.57,-124.891,60.2
46.85,2747.33,-124.983,60.2
46.86,2746.08,-125.075,60.2
46.87,2744.83,-125.168,60.2
46.88,2743.57,-125.26,60.2
46.89,2742.32,-125.352,60.2
46.9,2741.07,-125.444,60.2
46.91,2739.81,-125.536,60.2
46.92,2738.56,-125.628,60.2
46.93,2737.3,-125.721,60.2
46.94,2736.04,-125.813,60.2
46.95,2734.79,-125.905,60.2
46.96,2733.53,-125.997,60.2
46.97,2732.27,-126.089,60.2
46.98,2731.01,-126.181,60.2
46.99,2729.74,-126.273,60.2
47,2728.48,-126.365,60.2
47.01,2727.22,-126.457,60.2
47.02,2725.95,-126.549,60.2
47.03,2724.69,-126.641,60.2
47.04,2723.42,-126.733,60.2
47.05,2722.15,-126.825,60.2
47.06,2720.89,-126.917,60.2
47.07,2719.62,-127.009,60.2
47.08,2718.35,-127.101,60.2
47.09,2717.08,-127.193,60.2
47.1,2715.8,-127.285,60.2
47.11,2714.53,-127.377,60.2
47.12,2713.26,-127.469,60.2
47.13,2711.98,-127.561,60.2
47.14,2710.71,-127.653,60.2
47.15,2709.43,-127.745,60.2
47.16,2708.15,-127.837,60.2
47.17,2706.87,-127.929,60.2
47.18,2705.6,-128.02,60.2
47.19,2704.31,-128.112,60.2
47.2,2703.03,-128.204,60.2
47.21,2701.75,-128.296,60.2
47.22,2700.47,-128.388,60.2
47.23,2699.18,-128.48,60.2
47.24,2697.9,-128.572,60.2
47.25,2696.61,-128.663,60.2
47.26,2695.33,-128.755,60.2
47.27,2694.04,-128.847,60.2
47.28,2692.75,-128.939,60.2
47.29,2691.46,-129.03,60.2
47.3,2690.17,-129.122,60.2
47.31,2688.88,-129.214,60.2
47.32,2687.59,-129.306,60.2
47.33,2686.3,-129.397,60.2
47.34,2685,-129.489,60.2
47.35,2683.71,-129.581,60.2
47.36,2682.41,-129.673,60.2
47.37,2681.11,-129.764,60.2
47.38,2679.82,-129.856,60.2
47.39,2678.52,-129.948,60.2
47.4,2677.22,-130.039,60.2
47.41,2675.92,-130.131,60.2
47.42,2674.62,-130.223,60.2
47.43,2673.31,-130.314,60.2
47.44,2672.01,-130.406,60.2
47.45,2670.71,-130.497,60.2
47.46,2669.4,-130.589,60.2
47.47,2668.1,-130.681,60.2
47.48,2666.79,-130.772,60.2
47.49,2665.48,-130.864,60.2
47.5,2664.17,-130.955,60.2
47.51,2662.86,-131.047,60.2
47.52,2661.55,-131.138,60.2
47.53,2660.24,-131.23,60.2
47.54,2658.93,-131.321,60.2
47.55,2657.62,-131.413,60.2
47.56,2656.3,-131.504,60.2
47.57,2654.99,-131.596,60.2
47.58,2653.67,-131.687,60.2
47.59,2652.35,-131.779,60.2
47.6,2651.04,-131.87,60.2
47.61,2649.72,-131.962,60.2
47.62,2648.4,-132.053,60.2
47.63,2647.08,-132.145,60.2
47.64,2645.76,-132.236,60.2
47.65,2644.43,-132.327,60.2
47.66,2643.11,-132.419,60.2
47.67,2641.79,-132.51,60.2
47.68,2640.46,-132.602,60.2
47.69,2639.14,-132.693,60.2
47.7,2637.81,-132.784,60.2
47.71,2636.48,-132.876,60.2
47.72,2635.15,-132.967,60.2
47.73,2633.82,-133.058,60.2
47.74,2632.49,-133.15,60.2
47.75,2631.16,-133.241,60.2
47.76,2629.83,-133.332,60.2
47.77,2628.49,-133.424,60.2
47.78,2627.16,-133.515,60.2
47.79,2625.83,-133.606,60.2
47.8,2624.49,-133.697,60.2
47.81,2623.15,-133.789,60.2
47.82,2621.81,-133.88,60.2
47.83,2620.48,-133.971,60.2
47.84,2619.14,-134.062,60.2
47.85,2617.8,-134.153,60.2
47.86,2616.45,-134.245,60.2
47.87,2615.11,-134.336,60.2
47.88,2613.77,-134.427,60.2
47.89,2612.42,-134.518,60.2
47.9,2611.08,-134.609,60.2
47.91,2609.73,-134.7,60.2
47.92,2608.39,-134.791,60.2
47.93,2607.04,-134.883,60.2
47.94,2605.69,-134.974,60.2
47.95,2604.34,-135.065,60.2
47.96,2602.99,-135.156,60.2
47.97,2601.64,-135.247,60.2
47.98,2600.28,-135.338,60.2
47.99,2598.93,-135.429,60.2
48,2597.58,-135.52,60.2
48.01,2596.22,-135.611,60.2
48.02,2594.87,-135.702,60.2
48.03,2593.51,-135.793,60.2
48.04,2592.15,-135.884,60.2
48.05,2590.79,-135.975,60.2
48.06,2589.43,-136.066,60.2
48.07,2588.07,-136.157,60.2
48.08,2586.71,-136.248,60.2
48.09,2585.35,-136.339,60.2
48.1,2583.98,-136.43,60.2
48.11,2582.62,-136.521,60.2
48.12,2581.25,-136.612,60.2
48.13,2579.89,-136.703,60.2
48.14,2578.52,-136.793,60.2
48.15,2577.15,-136.884,60.2
48.16,2575.78,-136.975,60.2
48.17,2574.41,-137.066,60.2
48.18,2573.04,-137.157,60.2
48.19,2571.67,-137.248,60.2
48.2,2570.3,-137.339,60.2
48.21,2568.93,-137.429,60.2
48.22,2567.55,-137.52,60.2
48.23,2566.18,-137.611,60.2
48.24,2564.8,-137.702,60.2
48.25,2563.42,-137.793,60.2
48.26,2562.05,-137.883,60.2
48.27,2560.67,-137.974,60.2
48.28,2559.29,-138.065,60.2
48.29,2557.91,-138.155,60.2
48.3,2556.52,-138.246,60.2
48.31,2555.14,-138.337,60.2
48.32,2553.76,-138.428,60.2
48.33,2552.37,-138.518,60.2
48.34,2550.99,-138.609,60.2
48.35,2549.6,-138.7,60.2
48.36,2548.22,-138.79,60.2
48.37,2546.83,-138.881,60.2
48.38,2545.44,-138.972,60.2
48.39,2544.05,-139.062,60.2
48.4,2542.66,-139.153,60.2
48.41,2541.27,-139.243,60.2
48.42,2539.88,-139.334,60.2
48.43,2538.48,-139.424,60.2
48.44,2537.09,-139.515,60.2
48.45,2535.69,-139.606,60.2
48.46,2534.3,-139.696,60.2
48.47,2532.9,-139.787,60.2
48.48,2531.5,-139.877,60.2
48.49,2530.1,-139.968,60.2
48.5,2528.7,-140.058,60.2
48.51,2527.3,-140.149,60.2
48.52,2525.9,-140.239,60.2
48.53,2524.5,-140.33,60.2
48.54,2523.1,-140.42,60.2
48.55,2521.69,-140.511,60.2
48.56,2520.29,-140.601,60.2
48.57,2518.88,-140.691,60.2
48.58,2517.47,-140.782,60.2
48.59,2516.07,-140.872,60.2
48.6,2514.66,-140.963,60.2
48.61,2513.25,-141.053,60.2
48.62,2511.84,-141.143,60.2
48.63,2510.43,-141.234,60.2
48.64,2509.01,-141.324,60.2
48.65,2507.6,-141.414,60.2
48.66,2506.19,-141.505,60.2
48.67,2504.77,-141.595,60.2
48.68,2503.35,-141.685,60.2
48.69,2501.94,-141.775,60.2
48.7,2500.52,-141.866,60.2
48.71,2499.1,-141.956,60.2
48.72,2497.68,-142.046,60.2
48.73,2496.26,-142.136,60.2
48.74,2494.84,-142.227,60.2
48.75,2493.42,-142.317,60.2
48.76,2491.99,-142.407,60.2
48.77,2490.57,-142.497,60.2
48.78,2489.15,-142.587,60.2
48.79,2487.72,-142.678,60.2
48.8,2486.29,-142.768,60.2
48.81,2484.87,-142.858,60.2
48.82,2483.44,-142.948,60.2
48.83,2482.01,-143.038,60.2
48.84,2480.58,-143.128,60.2
48.85,2479.15,-143.218,60.2
48.86,2477.71,-143.308,60.2
48.87,2476.28,-143.399,60.2
48.88,2474.85,-143.489,60.2
48.89,2473.41,-143.579,60.2
48.9,2471.98,-143.669,60.2
48.91,2470.54,-143.759,60.2
48.92,2469.1,-143.849,60.2
48.93,2467.66,-143.939,60.2
48.94,2466.22,-144.029,60.2
48.95,2464.78,-144.119,60.2
48.96,2463.34,-144.209,60.2
48.97,2461.9,-144.299,60.2
48.98,2460.46,-144.389,60.2
48.99,2459.01,-144.479,60.2
49,2457.57,-144.568,60.2
49.01,2456.12,-144.658,60.2
49.02,2454.68,-144.748,60.2
49.03,2453.23,-144.838,60.2
49.04,2451.78,-144.928,60.2
49.05,2450.33,-145.018,60.2
49.06,2448.88,-145.108,60.2
49.07,2447.43,-145.198,60.2
49.08,2445.98,-145.287,60.2
49.09,2444.52,-145.377,60.2
49.1,2443.07,-145.467,60.2
49.11,2441.62,-145.557,60.2
49.12,2440.16,-145.647,60.2
49.13,2438.7,-145.736,60.2
49.14,2437.25,-145.826,60.2
49.15,2435.79,-145.916,60.2
49.16,2434.33,-146.006,60.2
49.17,2432.87,-146.095,60.2
49.18,2431.41,-146.185,60.2
49.19,2429.95,-146.275,60.2
49.2,2428.48,-146.364,60.2
49.21,2427.02,-146.454,60.2
49.22,2425.56,-146.544,60.2
49.23,2424.09,-146.633,60.2
49.24,2422.62,-146.723,60.2
49.25,2421.16,-146.813,60.2
49.26,2419.69,-146.902,60.2
49.27,2418.22,-146.992,60.2
49.28,2416.75,-147.081,60.2
49.29,2415.28,-147.171,60.2
49.3,2413.81,-147.261,60.2
49.31,2412.33,-147.35,60.2
49.32,2410.86,-147.44,60.2
49.33,2409.39,-147.529,60.2
49.34,2407.91,-147.619,60.2
49.35,2406.43,-147.708,60.2
49.36,2404.96,-147.798,60.2
49.37,2403.48,-147.887,60.2
49.38,2402,-147.977,60.2
49.39,2400.52,-148.066,60.2
49.4,2399.04,-148.156,60.2
49.41,2397.56,-148.245,60.2
49.42,2396.08,-148.334,60.2
49.43,2394.59,-148.424,60.2
49.44,2393.11,-148.513,60.2
49.45,2391.62,-148.603,60.2
49.46,2390.14,-148.692,60.2
49.47,2388.65,-148.781,60.2
49.48,2387.16,-148.871,60.2
49.49,2385.67,-148.96,60.2
49.5,2384.18,-149.049,60.2
49.51,2382.69,-149.139,60.2
49.52,2381.2,-149.228,60.2
49.53,2379.71,-149.317,60.2
49.54,2378.22,-149.407,60.2
49.55,2376.72,-149.496,60.2
49.56,2375.23,-149.585,60.2
49.57,2373.73,-149.674,60.2
49.58,2372.24,-149.763,60.2
49.59,2370.74,-149.853,60.2
49.6,2369.24,-149.942,60.2
49.61,2367.74,-150.031,60.2
49.62,2366.24,-150.12,60.2
49.63,2364.74,-150.209,60.2
49.64,2363.24,-150.299,60.2
49.65,2361.73,-150.388,60.2
49.66,2360.23,-150.477,60.2
49.67,2358.72,-150.566,60.2
49.68,2357.22,-150.655,60.2
49.69,2355.71,-150.744,60.2
49.7,2354.21,-150.833,60.2
49.71,2352.7,-150.922,60.2
49.72,2351.19,-151.011,60.2
49.73,2349.68,-151.1,60.2
49.74,2348.17,-151.189,60.2
49.75,2346.65,-151.278,60.2
49.76,2345.14,-151.367,60.2
49.77,2343.63,-151.456,60.2
49.78,2342.11,-151.545,60.2
49.79,2340.6,-151.634,60.2
49.8,2339.08,-151.723,60.2
49.81,2337.56,-151.812,60.2
49.82,2336.05,-151.901,60.2
49.83,2334.53,-151.99,60.2
49.84,2333.01,-152.079,60.2
49.85,2331.49,-152.168,60.2
49.86,2329.97,-152.257,60.2
49.87,2328.44,-152.346,60.2
49.88,2326.92,-152.435,60.2
49.89,2325.39,-152.523,60.2
49.9,2323.87,-152.612,60.2
49.91,2322.34,-152.701,60.2
49.92,2320.82,-152.79,60.2
49.93,2319.29,-152.879,60.2
49.94,2317.76,-152.967,60.2
49.95,2316.23,-153.056,60.2
49.96,2314.7,-153.145,60.2
49.97,2313.17,-153.234,60.2
49.98,2311.64,-153.322,60.2
49.99,2310.1,-153.411,60.2
50,2308.57,-153.5,60.2
50.01,2307.03,-153.589,60.2
50.02,2305.5,-153.677,60.2
50.03,2303.96,-153.766,60.2
50.04,2302.42,-153.855,60.2
50.05,2300.88,-153.943,60.2
50.06,2299.35,-154.032,60.2
50.07,2297.8,-154.121,60.2
50.08,2296.26,-154.209,60.2
50.09,2294.72,-154.298,60.2
50.1,2293.18,-154.386,60.2
50.11,2291.63,-154.475,60.2
50.12,2290.09,-154.563,60.2
50.13,2288.54,-154.652,60.2
50.14,2287,-154.741,60.2
50.15,2285.45,-154.829,60.2
50.16,2283.9,-154.918,60.2
50.17,2282.35,-155.006,60.2
50.18,2280.8,-155.095,60.2
50.19,2279.25,-155.183,60.2
50.2,2277.7,-155.271,60.2
50.21,2276.15,-155.36,60.2
50.22,2274.59,-155.448,60.2
50.23,2273.04,-155.537,60.2
50.24,2271.48,-155.625,60.2
50.25,2269.93,-155.714,60.2
50.26,2268.37,-155.802,60.2
50.27,2266.81,-155.89,60.2
50.28,2265.25,-155.979,60.2
50.29,2263.69,-156.067,60.2
50.3,2262.13,-156.155,60.2
50.31,2260.57,-156.244,60.2
50.32,2259.01,-156.332,60.2
50.33,2257.45,-156.42,60.2
50.34,2255.88,-156.508,60.2
50.35,2254.32,-156.597,60.2
50.36,2252.75,-156.685,60.2
50.37,2251.18,-156.773,60.2
50.38,2249.62,-156.861,60.2
50.39,2248.05,-156.95,60.2
50.4,2246.48,-157.038,60.2
50.41,2244.91,-157.126,60.2
50.42,2243.34,-157.214,60.2
50.43,2241.76,-157.302,60.2
50.44,2240.19,-157.391,60.2
50.45,2238.62,-157.479,60.2
50.46,2237.04,-157.567,60.2
50.47,2235.47,-157.655,60.2
50.48,2233.89,-157.743,60.2
50.49,2232.31,-157.831,60.2
50.5,2230.73,-157.919,60.2
50.51,2229.16,-158.007,60.2
50.52,2227.58,-158.095,60.2
50.53,2225.99,-158.183,60.2
50.54,2224.41,-158.271,60.2
50.55,2222.83,-158.359,60.2
50.56,2221.25,-158.447,60.2
50.57,2219.66,-158.535,60.2
50.58,2218.08,-158.623,60.2
50.59,2216.49,-158.711,60.2
50.6,2214.9,-158.799,60.2
50.61,2213.31,-158.887,60.2
50.62,2211.73,-158.975,60.2
50.63,2210.14,-159.063,60.2
50.64,2208.55,-159.151,60.2
50.65,2206.95,-159.239,60.2
50.66,2205.36,-159.326,60.2
50.67,2203.77,-159.414,60.2
50.68,2202.17,-159.502,60.2
50.69,2200.58,-159.59,60.2
50.7,2198.98,-159.678,60.2
50.71,2197.39,-159.766,60.2
50.72,2195.79,-159.853,60.2
50.73,2194.19,-159.941,60.2
50.74,2192.59,-160.029,60.2
50.75,2190.99,-160.117,60.2
50.76,2189.39,-160.204,60.2
50.77,2187.79,-160.292,60.2
50.78,2186.18,-160.38,60.2
50.79,2184.58,-160.467,60.2
50.8,2182.98,-160.555,60.2
50.81,2181.37,-160.643,60.2
50.82,2179.76,-160.73,60.2
50.83,2178.16,-160.818,60.2
50.84,2176.55,-160.906,60.2
50.85,2174.94,-160.993,60.2
50.86,2173.33,-161.081,60.2
50.87,2171.72,-161.168,60.2
50.88,2170.11,-161.256,60.2
50.89,2168.49,-161.343,60.2
50.9,2166.88,-161.431,60.2
50.91,2165.27,-161.519,60.2
50.92,2163.65,-161.606,60.2
50.93,2162.04,-161.694,60.2
50.94,2160.42,-161.781,60.2
50.95,2158.8,-161.868,60.2
50.96,2157.18,-161.956,60.2
50.97,2155.56,-162.043,60.2
50.98,2153.94,-162.131,60.2
50.99,2152.32,-162.218,60.2
51,2150.7,-162.306,60.2
51.01,2149.08,-162.393,60.2
51.02,2147.45,-162.48,60.2
51.03,2145.83,-162.568,60.2
51.04,2144.2,-162.655,60.2
51.05,2142.57,-162.742,60.2
51.06,2140.95,-162.83,60.2
51.07,2139.32,-162.917,60.2
51.08,2137.69,-163.004,60.2
51.09,2136.06,-163.092,60.2
51.1,2134.43,-163.179,60.2
51.11,2132.8,-163.266,60.2
51.12,2131.16,-163.353,60.2
51.13,2129.53,-163.44,60.2
51.14,2127.9,-163.528,60.2
51.15,2126.26,-163.615,60.2
51.16,2124.63,-163.702,60.2
51.17,2122.99,-163.789,60.2
51.18,2121.35,-163.876,60.2
51.19,2119.71,-163.963,60.2
51.2,2118.07,-164.051,60.2
51.21,2116.43,-164.138,60.2
51.22,2114.79,-164.225,60.2
51.23,2113.15,-164.312,60.2
51.24,2111.5,-164.399,60.2
51.25,2109.86,-164.486,60.2
51.26,2108.22,-164.573,60.2
51.27,2106.57,-164.66,60.2
51.28,2104.92,-164.747,60.2
51.29,2103.28,-164.834,60.2
51.3,2101.63,-164.921,60.2
51.31,2099.98,-165.008,60.2
51.32,2098.33,-165.095,60.2
51.33,2096.68,-165.182,60.2
51.34,2095.03,-165.269,60.2
51.35,2093.37,-165.356,60.2
51.36,2091.72,-165.443,60.2
51.37,2090.06,-165.529,60.2
51.38,2088.41,-165.616,60.2
51.39,2086.75,-165.703,60.2
51.4,2085.1,-165.79,60.2
51.41,2083.44,-165.877,60.2
51.42,2081.78,-165.964,60.2
51.43,2080.12,-166.05,60.2
51.44,2078.46,-166.137,60.2
51.45,2076.8,-166.224,60.2
51.46,2075.14,-166.311,60.2
51.47,2073.47,-166.398,60.2
51.48,2071.81,-166.484,60.2
51.49,2070.14,-166.571,60.2
51.5,2068.48,-166.658,60.2
51.51,2066.81,-166.744,60.2
51.52,2065.14,-166.831,60.2
51.53,2063.48,-166.918,60.2
51.54,2061.81,-167.004,60.2
51.55,2060.14,-167.091,60.2
51.56,2058.47,-167.178,60.2
51.57,2056.79,-167.264,60.2
51.58,2055.12,-167.351,60.2
51.59,2053.45,-167.437,60.2
51.6,2051.77,-167.524,60.2
51.61,2050.1,-167.61,60.2
51.62,2048.42,-167.697,60.2
51.63,2046.75,-167.783,60.2
51.64,2045.07,-167.87,60.2
51.65,2043.39,-167.956,60.2
51.66,2041.71,-168.043,60.2
51.67,2040.03,-168.129,60.2
51.68,2038.35,-168.216,60.2
51.69,2036.67,-168.302,60.2
51.7,2034.98,-168.389,60.2
51.71,2033.3,-168.475,60.2
51.72,2031.61,-168.561,60.2
51.73,2029.93,-168.648,60.2
51.74,2028.24,-168.734,60.2
51.75,2026.55,-168.821,60.2
51.76,2024.87,-168.907,60.2
51.77,2023.18,-168.993,60.2
51.78,2021.49,-169.079,60.2
51.79,2019.8,-169.166,60.2
51.8,2018.1,-169.252,60.2
51.81,2016.41,-169.338,60.2
51.82,2014.72,-169.425,60.2
51.83,2013.02,-169.511,60.2
51.84,2011.33,-169.597,60.2
51.85,2009.63,-169.683,60.2
51.86,2007.94,-169.769,60.2
51.87,2006.24,-169.856,60.2
51.88,2004.54,-169.942,60.2
51.89,2002.84,-170.028,60.2
51.9,2001.14,-170.114,60.2
51.91,1999.44,-170.2,60.2
51.92,1997.74,-170.286,60.2
51.93,1996.03,-170.372,60.2
51.94,1994.33,-170.458,60.2
51.95,1992.63,-170.544,60.2
51.96,1990.92,-170.63,60.2
51.97,1989.21,-170.717,60.2
51.98,1987.51,-170.803,60.2
51.99,1985.8,-170.889,60.2
52,1984.09,-170.975,60.2
52.01,1982.38,-171.06,60.2
52.02,1980.67,-171.146,60.2
52.03,1978.96,-171.232,60.2
52.04,1977.25,-171.318,60.2
52.05,1975.53,-171.404,60.2
52.06,1973.82,-171.49,60.2
52.07,1972.1,-171.576,60.2
52.08,1970.39,-171.662,60.2
52.09,1968.67,-171.748,60.2
52.1,1966.95,-171.834,60.2
52.11,1965.24,-171.919,60.2
52.12,1963.52,-172.005,60.2
52.13,1961.8,-172.091,60.2
52.14,1960.08,-172.177,60.2
52.15,1958.35,-172.263,60.2
52.16,1956.63,-172.348,60.2
52.17,1954.91,-172.434,60.2
52.18,1953.18,-172.52,60.2
52.19,1951.46,-172.605,60.2
52.2,1949.73,-172.691,60.2
52.21,1948.01,-172.777,60.2
52.22,1946.28,-172.862,60.2
52.23,1944.55,-172.948,60.2
52.24,1942.82,-173.034,60.2
52.25,1941.09,-173.119,60.2
52.26,1939.36,-173.205,60.2
52.27,1937.63,-173.291,60.2
52.28,1935.89,-173.376,60.2
52.29,1934.16,-173.462,60.2
52.3,1932.42,-173.547,60.2
52.31,1930.69,-173.633,60.2
52.32,1928.95,-173.718,60.2
52.33,1927.22,-173.804,60.2
52.34,1925.48,-173.889,60.2
52.35,1923.74,-173.975,60.2
52.36,1922,-174.06,60.2
52.37,1920.26,-174.146,60.2
52.38,1918.52,-174.231,60.2
52.39,1916.77,-174.316,60.2
52.4,1915.03,-174.402,60.2
52.41,1913.29,-174.487,60.2
52.42,1911.54,-174.573,60.2
52.43,1909.8,-174.658,60.2
52.44,1908.05,-174.743,60.2
52.45,1906.3,-174.829,60.2
52.46,1904.55,-174.914,60.2
52.47,1902.81,-174.999,60.2
52.48,1901.06,-175.085,60.2
52.49,1899.3,-175.17,60.2
52.5,1897.55,-175.255,60.2
52.51,1895.8,-175.34,60.2
52.52,1894.05,-175.425,60.2
52.53,1892.29,-175.511,60.2
52.54,1890.54,-175.596,60.2
52.55,1888.78,-175.681,60.2
52.56,1887.02,-175.766,60.2
52.57,1885.27,-175.851,60.2
52.58,1883.51,-175.936,60.2
52.59,1881.75,-176.022,60.2
52.6,1879.99,-176.107,60.2
52.61,1878.23,-176.192,60.2
52.62,1876.47,-176.277,60.2
52.63,1874.7,-176.362,60.2
52.64,1872.94,-176.447,60.2
52.65,1871.18,-176.532,60.2
52.66,1869.41,-176.617,60.2
52.67,1867.64,-176.702,60.2
52.68,1865.88,-176.787,60.2
52.69,1864.11,-176.872,60.2
52.7,1862.34,-176.957,60.2
52.71,1860.57,-177.042,60.2
52.72,1858.8,-177.127,60.2
52.73,1857.03,-177.211,60.2
52.74,1855.26,-177.296,60.2
52.75,1853.48,-177.381,60.2
52.76,1851.71,-177.466,60.2
52.77,1849.94,-177.551,60.2
52.78,1848.16,-177.636,60.2
52.79,1846.38,-177.72,60.2
52.8,1844.61,-177.805,60.2
52.81,1842.83,-177.89,60.2
52.82,1841.05,-177.975,60.2
52.83,1839.27,-178.059,60.2
52.84,1837.49,-178.144,60.2
52.85,1835.71,-178.229,60.2
52.86,1833.93,-178.314,60.2
52.87,1832.14,-178.398,60.2
52.88,1830.36,-178.483,60.2
52.89,1828.57,-178.568,60.2
52.9,1826.79,-178.652,60.2
52.91,1825,-178.737,60.2
52.92,1823.21,-178.821,60.2
52.93,1821.43,-178.906,60.2
52.94,1819.64,-178.991,60.2
52.95,1817.85,-179.075,60.2
52.96,1816.06,-179.16,60.2
52.97,1814.26,-179.244,60.2
52.98,1812.47,-179.329,60.2
52.99,1810.68,-179.413,60.2
53,1808.88,-179.498,60.2
53.01,1807.09,-179.582,60.2
53.02,1805.29,-179.666,60.2
53.03,1803.5,-179.751,60.2
53.04,1801.7,-179.835,60.2
53.05,1799.9,-179.92,60.2
53.06,1798.1,-180.004,60.2
53.07,1796.3,-180.088,60.2
53.08,1794.5,-180.173,60.2
53.09,1792.7,-180.257,60.2
53.1,1790.9,-180.341,60.2
53.11,1789.09,-180.426,60.2
53.12,1787.29,-180.51,60.2
53.13,1785.48,-180.594,60.2
53.14,1783.68,-180.678,60.2
53.15,1781.87,-180.763,60.2
53.16,1780.06,-180.847,60.2
53.17,1778.25,-180.931,60.2
53.18,1776.45,-181.015,60.2
53.19,1774.64,-181.099,60.2
53.2,1772.82,-181.184,60.2
53.21,1771.01,-181.268,60.2
53.22,1769.2,-181.352,60.2
53.23,1767.39,-181.436,60.2
53.24,1765.57,-181.52,60.2
53.25,1763.76,-181.604,60.2
53.26,1761.94,-181.688,60.2
53.27,1760.12,-181.772,60.2
53.28,1758.31,-181.856,60.2
53.29,1756.49,-181.94,60.2
53.3,1754.67,-182.024,60.2
53.31,1752.85,-182.108,60.2
53.32,1751.03,-182.192,60.2
53.33,1749.2,-182.276,60.2
53.34,1747.38,-182.36,60.2
53.35,1745.56,-182.444,60.2
53.36,1743.73,-182.528,60.2
53.37,1741.91,-182.612,60.2
53.38,1740.08,-182.696,60.2
53.39,1738.26,-182.779,60.2
53.4,1736.43,-182.863,60.2
53.41,1734.6,-182.947,60.2
53.42,1732.77,-183.031,60.2
53.43,1730.94,-183.115,60.2
53.44,1729.11,-183.198,60.2
53.45,1727.28,-183.282,60.2
53.46,1725.44,-183.366,60.2
53.47,1723.61,-183.45,60.2
53.48,1721.78,-183.533,60.2
53.49,1719.94,-183.617,60.2
53.5,1718.1,-183.701,60.2
53.51,1716.27,-183.784,60.2
53.52,1714.43,-183.868,60.2
53.53,1712.59,-183.951,60.2
53.54,1710.75,-184.035,60.2
53.55,1708.91,-184.119,60.2
53.56,1707.07,-184.202,60.2
53.57,1705.23,-184.286,60.2
53.58,1703.38,-184.369,60.2
53.59,1701.54,-184.453,60.2
53.6,1699.7,-184.536,60.2
53.61,1697.85,-184.62,60.2
53.62,1696,-184.703,60.2
53.63,1694.16,-184.787,60.2
53.64,1692.31,-184.87,60.2
53.65,1690.46,-184.954,60.2
53.66,1688.61,-185.037,60.2
53.67,1686.76,-185.12,60.2
53.68,1684.91,-185.204,60.2
53.69,1683.06,-185.287,60.2
53.7,1681.21,-185.37,60.2
53.71,1679.35,-185.454,60.2
53.72,1677.5,-185.537,60.2
53.73,1675.64,-185.62,60.2
53.74,1673.79,-185.704,60.2
53.75,1671.93,-185.787,60.2
53.76,1670.07,-185.87,60.2
53.77,1668.21,-185.953,60.2
53.78,1666.35,-186.036,60.2
53.79,1664.49,-186.12,60.2
53.8,1662.63,-186.203,60.2
53.81,1660.77,-186.286,60.2
53.82,1658.91,-186.369,60.2
53.83,1657.04,-186.452,60.2
53.84,1655.18,-186.535,60.2
53.85,1653.31,-186.618,60.2
53.86,1651.45,-186.702,60.2
53.87,1649.58,-186.785,60.2
53.88,1647.71,-186.868,60.2
53.89,1645.84,-186.951,60.2
53.9,1643.97,-187.034,60.2
53.91,1642.1,-187.117,60.2
53.92,1640.23,-187.2,60.2
53.93,1638.36,-187.283,60.2
53.94,1636.49,-187.365,60.2
53.95,1634.61,-187.448,60.2
53.96,1632.74,-187.531,60.2
53.97,1630.86,-187.614,60.2
53.98,1628.99,-187.697,60.2
53.99,1627.11,-187.78,60.2
54,1625.23,-187.863,60.2
54.01,1623.35,-187.946,60.2
54.02,1621.47,-188.028,60.2
54.03,1619.59,-188.111,60.2
54.04,1617.71,-188.194,60.2
54.05,1615.83,-188.277,60.2
54.06,1613.95,-188.359,60.2
54.07,1612.06,-188.442,60.2
54.08,1610.18,-188.525,60.2
54.09,1608.29,-188.607,60.2
54.1,1606.41,-188.69,60.2
54.11,1604.52,-188.773,60.2
54.12,1602.63,-188.855,60.2
54.13,1600.75,-188.938,60.2
54.14,1598.86,-189.021,60.2
54.15,1596.97,-189.103,60.2
54.16,1595.07,-189.186,60.2
54.17,1593.18,-189.268,60.2
54.18,1591.29,-189.351,60.2
54.19,1589.4,-189.433,60.2
54.2,1587.5,-189.516,60.2
54.21,1585.61,-189.598,60.2
54.22,1583.71,-189.681,60.2
54.23,1581.81,-189.763,60.2
54.24,1579.92,-189.846,60.2
54.25,1578.02,-189.928,60.2
54.26,1576.12,-190.01,60.2
54.27,1574.22,-190.093,60.2
54.28,1572.32,-190.175,60.2
54.29,1570.42,-190.257,60.2
54.3,1568.51,-190.34,60.2
54.31,1566.61,-190.422,60.2
54.32,1564.71,-190.504,60.2
54.33,1562.8,-190.587,60.2
54.34,1560.9,-190.669,60.2
54.35,1558.99,-190.751,60.2
54.36,1557.08,-190.833,60.2
54.37,1555.17,-190.915,60.2
54.38,1553.26,-190.998,60.2
54.39,1551.35,-191.08,60.2
54.4,1549.44,-191.162,60.2
54.41,1547.53,-191.244,60.2
54.42,1545.62,-191.326,60.2
54.43,1543.71,-191.408,60.2
54.44,1541.79,-191.49,60.2
54.45,1539.88,-191.572,60.2
54.46,1537.96,-191.655,60.2
54.47,1536.04,-191.737,60.2
54.48,1534.13,-191.819,60.2
54.49,1532.21,-191.901,60.2
54.5,1530.29,-191.983,60.2
54.51,1528.37,-192.064,60.2
54.52,1526.45,-192.146,60.2
54.53,1524.53,-192.228,60.2
54.54,1522.61,-192.31,60.2
54.55,1520.68,-192.392,60.2
54.56,1518.76,-192.474,60.2
54.57,1516.83,-192.556,60.2
54.58,1514.91,-192.638,60.2
54.59,1512.98,-192.719,60.2
54.6,1511.05,-192.801,60.2
54.61,1509.13,-192.883,60.2
54.62,1507.2,-192.965,60.2
54.63,1505.27,-193.047,60.2
54.64,1503.34,-193.128,60.2
54.65,1501.41,-193.21,60.2
54.66,1499.47,-193.292,60.2
54.67,1497.54,-193.373,60.2
54.68,1495.61,-193.455,60.2
54.69,1493.67,-193.537,60.2
54.7,1491.74,-193.618,60.2
54.71,1489.8,-193.7,60.2
54.72,1487.86,-193.781,60.2
54.73,1485.93,-193.863,60.2
54.74,1483.99,-193.945,60.2
54.75,1482.05,-194.026,60.2
54.76,1480.11,-194.108,60.2
54.77,1478.17,-194.189,60.2
54.78,1476.23,-194.271,60.2
54.79,1474.28,-194.352,60.2
54.8,1472.34,-194.434,60.2
54.81,1470.39,-194.515,60.2
54.82,1468.45,-194.596,60.2
54.83,1466.5,-194.678,60.2
54.84,1464.56,-194.759,60.2
54.85,1462.61,-194.84,60.2
54.86,1460.66,-194.922,60.2
54.87,1458.71,-195.003,60.2
54.88,1456.76,-195.084,60.2
54.89,1454.81,-195.166,60.2
54.9,1452.86,-195.247,60.2
54.91,1450.91,-195.328,60.2
54.92,1448.95,-195.409,60.2
54.93,1447,-195.491,60.2
54.94,1445.04,-195.572,60.2
54.95,1443.09,-195.653,60.2
54.96,1441.13,-195.734,60.2
54.97,1439.17,-195.815,60.2
54.98,1437.22,-195.896,60.2
54.99,1435.26,-195.978,60.2
55,1433.3,-196.059,60.2
55.01,1431.34,-196.14,60.2
55.02,1429.38,-196.221,60.2
55.03,1427.41,-196.302,60.2
55.04,1425.45,-196.383,60.2
55.05,1423.49,-196.464,60.2
55.06,1421.52,-196.545,60.2
55.07,1419.56,-196.626,60.2
55.08,1417.59,-196.707,60.2
55.09,1415.62,-196.788,60.2
55.1,1413.66,-196.869,60.2
55.11,1411.69,-196.949,60.2
55.12,1409.72,-197.03,60.2
55.13,1407.75,-197.111,60.2
55.14,1405.78,-197.192,60.2
55.15,1403.8,-197.273,60.2
55.16,1401.83,-197.354,60.2
55.17,1399.86,-197.434,60.2
55.18,1397.88,-197.515,60.2
55.19,1395.91,-197.596,60.2
55.2,1393.93,-197.677,60.2
55.21,1391.96,-197.757,60.2
55.22,1389.98,-197.838,60.2
55.23,1388,-197.919,60.2
55.24,1386.02,-197.999,60.2
55.25,1384.04,-198.08,60.2
55.26,1382.06,-198.161,60.2
55.27,1380.08,-198.241,60.2
55.28,1378.1,-198.322,60.2
55.29,1376.11,-198.402,60.2
55.3,1374.13,-198.483,60.2
55.31,1372.14,-198.563,60.2
55.32,1370.16,-198.644,60.2
55.33,1368.17,-198.724,60.2
55.34,1366.18,-198.805,60.2
55.35,1364.2,-198.885,60.2
55.36,1362.21,-198.966,60.2
55.37,1360.22,-199.046,60.2
55.38,1358.23,-199.127,60.2
55.39,1356.24,-199.207,60.2
55.4,1354.24,-199.287,60.2
55.41,1352.25,-199.368,60.2
55.42,1350.26,-199.448,60.2
55.43,1348.26,-199.528,60.2
55.44,1346.27,-199.608,60.2
55.45,1344.27,-199.689,60.2
55.46,1342.27,-199.769,60.2
55.47,1340.28,-199.849,60.2
55.48,1338.28,-199.929,60.2
55.49,1336.28,-200.01,60.2
55.5,1334.28,-200.09,60.2
55.51,1332.28,-200.17,60.2
55.52,1330.28,-200.25,60.2
55.53,1328.27,-200.33,60.2
55.54,1326.27,-200.41,60.2
55.55,1324.27,-200.49,60.2
55.56,1322.26,-200.57,60.2
55.57,1320.26,-200.65,60.2
55.58,1318.25,-200.731,60.2
55.59,1316.24,-200.811,60.2
55.6,1314.23,-200.89,60.2
55.61,1312.23,-200.97,60.2
55.62,1310.22,-201.05,60.2
55.63,1308.21,-201.13,60.2
55.64,1306.19,-201.21,60.2
55.65,1304.18,-201.29,60.2
55.66,1302.17,-201.37,60.2
55.67,1300.16,-201.45,60.2
55.68,1298.14,-201.53,60.2
55.69,1296.13,-201.61,60.2
55.7,1294.11,-201.689,60.2
55.71,1292.09,-201.769,60.2
55.72,1290.07,-201.849,60.2
55.73,1288.06,-201.929,60.2
55.74,1286.04,-202.008,60.2
55.75,1284.02,-202.088,60.2
55.76,1282,-202.168,60.2
55.77,1279.97,-202.247,60.2
55.78,1277.95,-202.327,60.2
55.79,1275.93,-202.407,60.2
55.8,1273.9,-202.486,60.2
55.81,1271.88,-202.566,60.2
55.82,1269.85,-202.645,60.2
55.83,1267.83,-202.725,60.2
55.84,1265.8,-202.805,60.2
55.85,1263.77,-202.884,60.2
55.86,1261.74,-202.964,60.2
55.87,1259.71,-203.043,60.2
55.88,1257.68,-203.122,60.2
55.89,1255.65,-203.202,60.2
55.9,1253.62,-203.281,60.2
55.91,1251.59,-203.361,60.2
55.92,1249.55,-203.44,60.2
55.93,1247.52,-203.519,60.2
55.94,1245.48,-203.599,60.2
55.95,1243.45,-203.678,60.2
55.96,1241.41,-203.757,60.2
55.97,1239.37,-203.837,60.2
55.98,1237.34,-203.916,60.2
55.99,1235.3,-203.995,60.2
56,1233.26,-204.074,60.2
56.01,1231.22,-204.154,60.2
56.02,1229.17,-204.233,60.2
56.03,1227.13,-204.312,60.2
56.04,1225.09,-204.391,60.2
56.05,1223.04,-204.47,60.2
56.06,1221,-204.549,60.2
56.07,1218.95,-204.629,60.2
56.08,1216.91,-204.708,60.2
56.09,1214.86,-204.787,60.2
56.1,1212.81,-204.866,60.2
56.11,1210.76,-204.945,60.2
56.12,1208.71,-205.024,60.2
56.13,1206.66,-205.103,60.2
56.14,1204.61,-205.182,60.2
56.15,1202.56,-205.261,60.2
56.16,1200.51,-205.34,60.2
56.17,1198.46,-205.418,60.2
56.18,1196.4,-205.497,60.2
56.19,1194.35,-205.576,60.2
56.2,1192.29,-205.655,60.2
56.21,1190.23,-205.734,60.2
56.22,1188.18,-205.813,60.2
56.23,1186.12,-205.891,60.2
56.24,1184.06,-205.97,60.2
56.25,1182,-206.049,60.2
56.26,1179.94,-206.128,60.2
56.27,1177.88,-206.206,60.2
56.28,1175.82,-206.285,60.2
56.29,1173.75,-206.364,60.2
56.3,1171.69,-206.442,60.2
56.31,1169.63,-206.521,60.2
56.32,1167.56,-206.6,60.2
56.33,1165.49,-206.678,60.2
56.34,1163.43,-206.757,60.2
56.35,1161.36,-206.835,60.2
56.36,1159.29,-206.914,60.2
56.37,1157.22,-206.992,60.2
56.38,1155.15,-207.071,60.2
56.39,1153.08,-207.149,60.2
56.4,1151.01,-207.228,60.2
56.41,1148.94,-207.306,60.2
56.42,1146.86,-207.385,60.2
56.43,1144.79,-207.463,60.2
56.44,1142.72,-207.542,60.2
56.45,1140.64,-207.62,60.2
56.46,1138.56,-207.698,60.2
56.47,1136.49,-207.777,60.2
56.48,1134.41,-207.855,60.2
56.49,1132.33,-207.933,60.2
56.5,1130.25,-208.011,60.2
56.51,1128.17,-208.09,60.2
56.52,1126.09,-208.168,60.2
56.53,1124.01,-208.246,60.2
56.54,1121.93,-208.324,60.2
56.55,1119.84,-208.402,60.2
56.56,1117.76,-208.481,60.2
56.57,1115.68,-208.559,60.2
56.58,1113.59,-208.637,60.2
56.59,1111.5,-208.715,60.2
56.6,1109.42,-208.793,60.2
56.61,1107.33,-208.871,60.2
56.62,1105.24,-208.949,60.2
56.63,1103.15,-209.027,60.2
56.64,1101.06,-209.105,60.2
56.65,1098.97,-209.183,60.2
56.66,1096.88,-209.261,60.2
56.67,1094.78,-209.339,60.2
56.68,1092.69,-209.417,60.2
56.69,1090.6,-209.495,60.2
56.7,1088.5,-209.572,60.2
56.71,1086.41,-209.65,60.2
56.72,1084.31,-209.728,60.2
56.73,1082.21,-209.806,60.2
56.74,1080.11,-209.884,60.2
56.75,1078.02,-209.961,60.2
56.76,1075.92,-210.039,60.2
56.77,1073.82,-210.117,60.2
56.78,1071.71,-210.195,60.2
56.79,1069.61,-210.272,60.2
56.8,1067.51,-210.35,60.2
56.81,1065.41,-210.428,60.2
56.82,1063.3,-210.505,60.2
56.83,1061.2,-210.583,60.2
56.84,1059.09,-210.66,60.2
56.85,1056.98,-210.738,60.2
56.86,1054.88,-210.815,60.2
56.87,1052.77,-210.893,60.2
56.88,1050.66,-210.971,60.2
56.89,1048.55,-211.048,60.2
56.9,1046.44,-211.125,60.2
56.91,1044.33,-211.203,60.2
56.92,1042.22,-211.28,60.2
56.93,1040.1,-211.358,60.2
56.94,1037.99,-211.435,60.2
56.95,1035.88,-211.512,60.2
56.96,1033.76,-211.59,60.2
56.97,1031.64,-211.667,60.2
56.98,1029.53,-211.744,60.2
56.99,1027.41,-211.822,60.2
57,1025.29,-211.899,60.2
57.01,1023.17,-211.976,60.2
57.02,1021.05,-212.053,60.2
57.03,1018.93,-212.131,60.2
57.04,1016.81,-212.208,60.2
57.05,1014.69,-212.285,60.2
57.06,1012.57,-212.362,60.2
57.07,1010.44,-212.439,60.2
57.08,1008.32,-212.516,60.2
57.09,1006.19,-212.593,60.2
57.1,1004.07,-212.67,60.2
57.11,1001.94,-212.748,60.2
57.12,999.813,-212.825,60.2
57.13,997.685,-212.902,60.2
57.14,995.556,-212.979,60.2
57.15,993.426,-213.055,60.2
57.16,991.296,-213.132,60.2
57.17,989.164,-213.209,60.2
57.18,987.032,-213.286,60.2
57.19,984.899,-213.363,60.2
57.2,982.766,-213.44,60.2
57.21,980.631,-213.517,60.2
57.22,978.496,-213.594,60.2
57.23,976.36,-213.67,60.2
57.24,974.223,-213.747,60.2
57.25,972.086,-213.824,60.2
57.26,969.948,-213.901,60.2
57.27,967.809,-213.977,60.2
57.28,965.669,-214.054,60.2
57.29,963.528,-214.131,60.2
57.3,961.387,-214.207,60.2
57.31,959.245,-214.284,60.2
57.32,957.102,-214.361,60.2
57.33,954.959,-214.437,60.2
57.34,952.814,-214.514,60.2
57.35,950.669,-214.59,60.2
57.36,948.523,-214.667,60.2
57.37,946.377,-214.743,60.2
57.38,944.229,-214.82,60.2
57.39,942.081,-214.896,60.2
57.4,939.932,-214.973,60.2
57.41,937.782,-215.049,60.2
57.42,935.632,-215.126,60.2
57.43,933.48,-215.202,60.2
57.44,931.328,-215.278,60.2
57.45,929.176,-215.355,60.2
57.46,927.022,-215.431,60.2
57.47,924.868,-215.507,60.2
57.48,922.713,-215.583,60.2
57.49,920.557,-215.66,60.2
57.5,918.4,-215.736,60.2
57.51,916.243,-215.812,60.2
57.52,914.085,-215.888,60.2
57.53,911.926,-215.965,60.2
57.54,909.766,-216.041,60.2
57.55,907.606,-216.117,60.2
57.56,905.445,-216.193,60.2
57.57,903.283,-216.269,60.2
57.58,901.12,-216.345,60.2
57.59,898.957,-216.421,60.2
57.6,896.792,-216.497,60.2
57.61,894.627,-216.573,60.2
57.62,892.462,-216.649,60.2
57.63,890.295,-216.725,60.2
57.64,888.128,-216.801,60.2
57.65,885.96,-216.877,60.2
57.66,883.791,-216.953,60.2
57.67,881.622,-217.029,60.2
57.68,879.451,-217.105,60.2
57.69,877.28,-217.18,60.2
57.7,875.109,-217.256,60.2
57.71,872.936,-217.332,60.2
57.72,870.763,-217.408,60.2
57.73,868.589,-217.484,60.2
57.74,866.414,-217.559,60.2
57.75,864.238,-217.635,60.2
57.76,862.062,-217.711,60.2
57.77,859.885,-217.786,60.2
57.78,857.707,-217.862,60.2
57.79,855.528,-217.938,60.2
57.8,853.349,-218.013,60.2
57.81,851.169,-218.089,60.2
57.82,848.988,-218.164,60.2
57.83,846.806,-218.24,60.2
57.84,844.624,-218.315,60.2
57.85,842.441,-218.391,60.2
57.86,840.257,-218.466,60.2
57.87,838.072,-218.542,60.2
57.88,835.887,-218.617,60.2
57.89,833.7,-218.693,60.2
57.9,831.514,-218.768,60.2
57.91,829.326,-218.844,60.2
57.92,827.137,-218.919,60.2
57.93,824.948,-218.994,60.2
57.94,822.758,-219.07,60.2
57.95,820.568,-219.145,60.2
57.96,818.376,-219.22,60.2
57.97,816.184,-219.295,60.2
57.98,813.991,-219.371,60.2
57.99,811.797,-219.446,60.2
58,809.603,-219.521,60.2
58.01,807.408,-219.596,60.2
58.02,805.212,-219.671,60.2
58.03,803.015,-219.746,60.2
58.04,800.817,-219.821,60.2
58.05,798.619,-219.897,60.2
58.06,796.42,-219.972,60.2
58.07,794.221,-220.047,60.2
58.08,792.02,-220.122,60.2
58.09,789.819,-220.197,60.2
58.1,787.617,-220.272,60.2
58.11,785.414,-220.346,60.2
58.12,783.211,-220.421,60.2
58.13,781.007,-220.496,60.2
58.14,778.802,-220.571,60.2
58.15,776.596,-220.646,60.2
58.16,774.389,-220.721,60.2
58.17,772.182,-220.796,60.2
58.18,769.974,-220.871,60.2
58.19,767.766,-220.945,60.2
58.2,765.556,-221.02,60.2
58.21,763.346,-221.095,60.2
58.22,761.135,-221.169,60.2
58.23,758.923,-221.244,60.2
58.24,756.711,-221.319,60.2
58.25,754.498,-221.393,60.2
58.26,752.284,-221.468,60.2
58.27,750.069,-221.543,60.2
58.28,747.854,-221.617,60.2
58.29,745.637,-221.692,60.2
58.3,743.42,-221.766,60.2
58.31,741.203,-221.841,60.2
58.32,738.984,-221.915,60.2
58.33,736.765,-221.99,60.2
58.34,734.545,-222.064,60.2
58.35,732.325,-222.139,60.2
58.36,730.103,-222.213,60.2
58.37,727.881,-222.287,60.2
58.38,725.658,-222.362,60.2
58.39,723.435,-222.436,60.2
58.4,721.21,-222.51,60.2
58.41,718.985,-222.585,60.2
58.42,716.759,-222.659,60.2
58.43,714.533,-222.733,60.2
58.44,712.305,-222.808,60.2
58.45,710.077,-222.882,60.2
58.46,707.849,-222.956,60.2
58.47,705.619,-223.03,60.2
58.48,703.389,-223.104,60.2
58.49,701.158,-223.178,60.2
58.5,698.926,-223.252,60.2
58.51,696.693,-223.327,60.2
58.52,694.46,-223.401,60.2
58.53,692.226,-223.475,60.2
58.54,689.991,-223.549,60.2
58.55,687.756,-223.623,60.2
58.56,685.52,-223.697,60.2
58.57,683.283,-223.771,60.2
58.58,681.045,-223.844,60.2
58.59,678.807,-223.918,60.2
58.6,676.567,-223.992,60.2
58.61,674.327,-224.066,60.2
58.62,672.087,-224.14,60.2
58.63,669.845,-224.214,60.2
58.64,667.603,-224.287,60.2
58.65,665.36,-224.361,60.2
58.66,663.117,-224.435,60.2
58.67,660.872,-224.509,60.2
58.68,658.627,-224.582,60.2
58.69,656.381,-224.656,60.2
58.7,654.135,-224.73,60.2
58.71,651.888,-224.803,60.2
58.72,649.64,-224.877,60.2
58.73,647.391,-224.951,60.2
58.74,645.141,-225.024,60.2
58.75,642.891,-225.098,60.2
58.76,640.64,-225.171,60.2
58.77,638.388,-225.245,60.2
58.78,636.136,-225.318,60.2
58.79,633.883,-225.392,60.2
58.8,631.629,-225.465,60.2
58.81,629.374,-225.539,60.2
58.82,627.119,-225.612,60.2
58.83,624.863,-225.685,60.2
58.84,622.606,-225.759,60.2
58.85,620.348,-225.832,60.2
58.86,618.09,-225.905,60.2
58.87,615.831,-225.979,60.2
58.88,613.571,-226.052,60.2
58.89,611.311,-226.125,60.2
58.9,609.049,-226.198,60.2
58.91,606.787,-226.271,60.2
58.92,604.525,-226.345,60.2
58.93,602.261,-226.418,60.2
58.94,599.997,-226.491,60.2
58.95,597.732,-226.564,60.2
58.96,595.466,-226.637,60.2
58.97,593.2,-226.71,60.2
58.98,590.933,-226.783,60.2
58.99,588.665,-226.856,60.2
59,586.397,-226.929,60.2
59.01,584.127,-227.002,60.2
59.02,581.857,-227.075,60.2
59.03,579.587,-227.148,60.2
59.04,577.315,-227.221,60.2
59.05,575.043,-227.294,60.2
59.06,572.77,-227.367,60.2
59.07,570.496,-227.439,60.2
59.08,568.222,-227.512,60.2
59.09,565.947,-227.585,60.2
59.1,563.671,-227.658,60.2
59.11,561.394,-227.73,60.2
59.12,559.117,-227.803,60.2
59.13,556.839,-227.876,60.2
59.14,554.56,-227.949,60.2
59.15,552.281,-228.021,60.2
59.16,550,-228.094,60.2
59.17,547.72,-228.166,60.2
59.18,545.438,-228.239,60.2
59.19,543.155,-228.312,60.2
59.2,540.872,-228.384,60.2
59.21,538.589,-228.457,60.2
59.22,536.304,-228.529,60.2
59.23,534.019,-228.602,60.2
59.24,531.733,-228.674,60.2
59.25,529.446,-228.746,60.2
59.26,527.158,-228.819,60.2
59.27,524.87,-228.891,60.2
59.28,522.581,-228.964,60.2
59.29,520.292,-229.036,60.2
59.3,518.001,-229.108,60.2
59.31,515.71,-229.18,60.2
59.32,513.418,-229.253,60.2
59.33,511.126,-229.325,60.2
59.34,508.833,-229.397,60.2
59.35,506.539,-229.469,60.2
59.36,504.244,-229.542,60.2
59.37,501.949,-229.614,60.2
59.38,499.652,-229.686,60.2
59.39,497.356,-229.758,60.2
59.4,495.058,-229.83,60.2
59.41,492.76,-229.902,60.2
59.42,490.461,-229.974,60.2
59.43,488.161,-230.046,60.2
59.44,485.861,-230.118,60.2
59.45,483.559,-230.19,60.2
59.46,481.257,-230.262,60.2
59.47,478.955,-230.334,60.2
59.48,476.651,-230.406,60.2
59.49,474.347,-230.478,60.2
59.5,472.043,-230.55,60.2
59.51,469.737,-230.621,60.2
59.52,467.431,-230.693,60.2
59.53,465.124,-230.765,60.2
59.54,462.816,-230.837,60.2
59.55,460.508,-230.908,60.2
59.56,458.199,-230.98,60.2
59.57,455.889,-231.052,60.2
59.58,453.579,-231.123,60.2
59.59,451.267,-231.195,60.2
59.6,448.955,-231.267,60.2
59.61,446.643,-231.338,60.2
59.62,444.329,-231.41,60.2
59.63,442.015,-231.481,60.2
59.64,439.7,-231.553,60.2
59.65,437.385,-231.624,60.2
59.66,435.069,-231.696,60.2
59.67,432.752,-231.767,60.2
59.68,430.434,-231.839,60.2
59.69,428.116,-231.91,60.2
59.7,425.797,-231.982,60.2
59.71,423.477,-232.053,60.2
59.72,421.156,-232.124,60.2
59.73,418.835,-232.196,60.2
59.74,416.513,-232.267,60.2
59.75,414.19,-232.338,60.2
59.76,411.867,-232.409,60.2
59.77,409.543,-232.481,60.2
59.78,407.218,-232.552,60.2
59.79,404.893,-232.623,60.2
59.8,402.566,-232.694,60.2
59.81,400.239,-232.765,60.2
59.82,397.912,-232.836,60.2
59.83,395.583,-232.908,60.2
59.84,393.254,-232.979,60.2
59.85,390.924,-233.05,60.2
59.86,388.594,-233.121,60.2
59.87,386.263,-233.192,60.2
59.88,383.931,-233.263,60.2
59.89,381.598,-233.334,60.2
59.9,379.265,-233.404,60.2
59.91,376.931,-233.475,60.2
59.92,374.596,-233.546,60.2
59.93,372.261,-233.617,60.2
59.94,369.924,-233.688,60.2
59.95,367.588,-233.759,60.2
59.96,365.25,-233.829,60.2
59.97,362.912,-233.9,60.2
59.98,360.573,-233.971,60.2
59.99,358.233,-234.042,60.2
60,355.893,-234.112,60.2
60.01,353.551,-234.183,60.2
60.02,351.21,-234.254,60.2
60.03,348.867,-234.324,60.2
60.04,346.524,-234.395,60.2
60.05,344.18,-234.465,60.2
60.06,341.835,-234.536,60.2
60.07,339.49,-234.606,60.2
60.08,337.144,-234.677,60.2
60.09,334.797,-234.747,60.2
60.1,332.45,-234.818,60.2
60.11,330.101,-234.888,60.2
60.12,327.753,-234.959,60.2
60.13,325.403,-235.029,60.2
60.14,323.053,-235.099,60.2
60.15,320.702,-235.17,60.2
60.16,318.35,-235.24,60.2
60.17,315.998,-235.31,60.2
60.18,313.644,-235.381,60.2
60.19,311.291,-235.451,60.2
60.2,308.936,-235.521,60.2
60.21,306.581,-235.591,60.2
60.22,304.225,-235.661,60.2
60.23,301.868,-235.731,60.2
60.24,299.511,-235.802,60.2
60.25,297.153,-235.872,60.2
60.26,294.794,-235.942,60.2
60.27,292.435,-236.012,60.2
60.28,290.075,-236.082,60.2
60.29,287.714,-236.152,60.2
60.3,285.352,-236.222,60.2
60.31,282.99,-236.292,60.2
60.32,280.627,-236.362,60.2
60.33,278.264,-236.432,60.2
60.34,275.899,-236.501,60.2
60.35,273.534,-236.571,60.2
60.36,271.169,-236.641,60.2
60.37,268.802,-236.711,60.2
60.38,266.435,-236.781,60.2
60.39,264.067,-236.85,60.2
60.4,261.699,-236.92,60.2
60.41,259.33,-236.99,60.2
60.42,256.96,-237.06,60.2
60.43,254.589,-237.129,60.2
60.44,252.218,-237.199,60.2
60.45,249.846,-237.268,60.2
60.46,247.473,-237.338,60.2
60.47,245.1,-237.408,60.2
60.48,242.726,-237.477,60.2
60.49,240.351,-237.547,60.2
60.5,237.976,-237.616,60.2
60.51,235.599,-237.686,60.2
60.52,233.222,-237.755,60.2
60.53,230.845,-237.824,60.2
60.54,228.467,-237.894,60.2
60.55,226.088,-237.963,60.2
60.56,223.708,-238.033,60.2
60.57,221.328,-238.102,60.2
60.58,218.947,-238.171,60.2
60.59,216.565,-238.24,60.2
60.6,214.183,-238.31,60.2
60.61,211.8,-238.379,60.2
60.62,209.416,-238.448,60.2
60.63,207.031,-238.517,60.2
60.64,204.646,-238.586,60.2
60.65,202.26,-238.656,60.2
60.66,199.874,-238.725,60.2
60.67,197.486,-238.794,60.2
60.68,195.099,-238.863,60.2
60.69,192.71,-238.932,60.2
60.7,190.321,-239.001,60.2
60.71,187.931,-239.07,60.2
60.72,185.54,-239.139,60.2
60.73,183.148,-239.208,60.2
60.74,180.756,-239.277,60.2
60.75,178.364,-239.345,60.2
60.76,175.97,-239.414,60.2
60.77,173.576,-239.483,60.2
60.78,171.181,-239.552,60.2
60.79,168.786,-239.621,60.2
60.8,166.389,-239.69,60.2
60.81,163.993,-239.758,60.2
60.82,161.595,-239.827,60.2
60.83,159.197,-239.896,60.2
60.84,156.798,-239.964,60.2
60.85,154.398,-240.033,60.2
60.86,151.998,-240.102,60.2
60.87,149.597,-240.17,60.2
60.88,147.195,-240.239,60.2
60.89,144.793,-240.307,60.2
60.9,142.39,-240.376,60.2
60.91,139.986,-240.444,60.2
60.92,137.581,-240.513,60.2
60.93,135.176,-240.581,60.2
60.94,132.77,-240.65,60.2
60.95,130.364,-240.718,60.2
60.96,127.957,-240.786,60.2
60.97,125.549,-240.855,60.2
60.98,123.14,-240.923,60.2
60.99,120.731,-240.991,60.2
61,118.321,-241.06,60.2
61.01,115.911,-241.128,60.2
61.02,113.499,-241.196,60.2
61.03,111.087,-241.264,60.2
61.04,108.675,-241.332,60.2
61.05,106.261,-241.401,60.2
61.06,103.847,-241.469,60.2
61.07,101.433,-241.537,60.2
61.08,99.0174,-241.605,60.2
61.09,96.6014,-241.673,60.2
61.1,94.1846,-241.741,60.2
61.11,91.7672,-241.809,60.2
61.12,89.3491,-241.877,60.2
61.13,86.9304,-241.945,60.2
61.14,84.5109,-242.013,60.2
61.15,82.0908,-242.081,60.2
61.16,79.67,-242.149,60.2
61.17,77.2485,-242.216,60.2
61.18,74.8263,-242.284,60.2
61.19,72.4035,-242.352,60.2
61.2,69.98,-242.42,60.2
61.21,67.5558,-242.487,60.2
61.22,65.1309,-242.555,60.2
61.23,62.7054,-242.623,60.2
61.24,60.2791,-242.691,60.2
61.25,57.8522,-242.758,60.2
61.26,55.4246,-242.826,60.2
61.27,52.9964,-242.893,60.2
61.28,50.5674,-242.961,60.2
61.29,48.1378,-243.029,60.2
61.3,45.7075,-243.096,60.2
61.31,43.2766,-243.164,60.2
61.32,40.8449,-243.231,60.2
61.33,38.4126,-243.299,60.2
61.34,35.9797,-243.366,60.2
61.35,33.546,-243.433,60.2
61.36,31.1117,-243.501,60.2
61.37,28.6767,-243.568,60.2
61.38,26.241,-243.635,60.2
61.39,23.8046,-243.703,60.2
61.4,21.3676,-243.77,60.2
61.41,18.9299,-243.837,60.2
61.42,16.4915,-243.904,60.2
61.43,14.0525,-243.972,60.2
61.44,11.6128,-244.039,60.2
61.45,9.17237,-244.106,60.2
61.46,6.73131,-244.173,60.2
61.47,4.28958,-244.24,60.2
61.48,1.84718,-244.307,60.2
61.49,0,0,60.2
61.5,0,0,60.2
61.51,0,0,60.2
61.52,0,0,60.2
61.53,0,0,60.2
61.54,0,0,60.2
61.55,0,0,60.2
61.56,0,0,60.2
61.57,0,0,60.2
61.58,0,0,60.2
61.59,0,0,60.2
61.6,0,0,60.2
61.61,0,0,60.2
61.62,0,0,60.2
61.63,0,0,60.2
61.64,0,0,60.2
61.65,0,0,60.2
61.66,0,0,60.2
61.67,0,0,60.2
61.68,0,0,60.2
61.69,0,0,60.2
61.7,0,0,60.2
61.71,0,0,60.2
61.72,0,0,60.2
61.73,0,0,60.2
61.74,0,0,60.2
61.75,0,0,60.2
61.76,0,0,60.2
61.77,0,0,60.2
61.78,0,0,60.2
61.79,0,0,60.2
61.8,0,0,60.2
61.81,0,0,60.2
61.82,0,0,60.2
61.83,0,0,60.2
61.84,0,0,60.2
61.85,0,0,60.2
61.86,0,0,60.2
61.87,0,0,60.2
61.88,0,0,60.2
61.89,0,0,60.2
61.9,0,0,60.2
61.91,0,0,60.2
61.92,0,0,60.2
61.93,0,0,60.2
61.94,0,0,60.2
61.95,0,0,60.2
61.96,0,0,60.2
61.97,0,0,60.2
61.98,0,0,60.2
61.99,0,0,60.2
62,0,0,60.2
62.01,0,0,60.2
62.02,0,0,60.2
62.03,0,0,60.2
62.04,0,0,60.2
62.05,0,0,60.2
62.06,0,0,60.2
62.07,0,0,60.2
62.08,0,0,60.2
62.09,0,0,60.2
62.1,0,0,60.2
62.11,0,0,60.2
62.12,0,0,60.2
62.13,0,0,60.2
62.14,0,0,60.2
62.15,0,0,60.2
62.16,0,0,60.2
62.17,0,0,60.2
62.18,0,0,60.2
62.19,0,0,60.2
62.2,0,0,60.2
62.21,0,0,60.2
62.22,0,0,60.2
62.23,0,0,60.2
62.24,0,0,60.2
62.25,0,0,60.2
62.26,0,0,60.2
62.27,0,0,60.2
62.28,0,0,60.2
62.29,0,0,60.2
62.3,0,0,60.2
62.31,0,0,60.2
62.32,0,0,60.2
62.33,0,0,60.2
62.34,0,0,60.2
62.35,0,0,60.2
62.36,0,0,60.2
62.37,0,0,60.2
62.38,0,0,60.2
62.39,0,0,60.2
62.4,0,0,60.2
62.41,0,0,60.2
62.42,0,0,60.2
62.43,0,0,60.2
62.44,0,0,60.2
62.45,0,0,60.2
62.46,0,0,60.2
62.47,0,0,60.2
62.48,0,0,60.2
62.49,0,0,60.2
62.5,0,0,60.2
62.51,0,0,60.2
62.52,0,0,60.2
62.53,0,0,60.2
62.54,0,0,60.2
62.55,0,0,60.2
62.56,0,0,60.2
62.57,0,0,60.2
62.58,0,0,60.2
62.59,0,0,60.2
62.6,0,0,60.2
62.61,0,0,60.2
62.62,0,0,60.2
62.63,0,0,60.2
62.64,0,0,60.2
62.65,0,0,60.2
62.66,0,0,60.2
62.67,0,0,60.2
62.68,0,0,60.2
62.69,0,0,60.2
62.7,0,0,60.2
62.71,0,0,60.2
62.72,0,0,60.2
62.73,0,0,60.2
62.74,0,0,60.2
62.75,0,0,60.2
62.76,0,0,60.2
62.77,0,0,60.2
62.78,0,0,60.2
62.79,0,0,60.2
62.8,0,0,60.2
62.81,0,0,60.2
62.82,0,0,60.2
62.83,0,0,60.2
62.84,0,0,60.2
62.85,0,0,60.2
62.86,0,0,60.2
62.87,0,0,60.2
62.88,0,0,60.2
62.89,0,0,60.2
62.9,0,0,60.2
62.91,0,0,60.2
62.92,0,0,60.2
62.93,0,0,60.2
62.94,0,0,60.2
62.95,0,0,60.2
62.96,0,0,60.2
62.97,0,0,60.2
62.98,0,0,60.2
62.99,0,0,60.2
63,0,0,60.2
63.01,0,0,60.2
63.02,0,0,60.2
63.03,0,0,60.2
63.04,0,0,60.2
63.05,0,0,60.2
63.06,0,0,60.2
63.07,0,0,60.2
63.08,0,0,60.2
63.09,0,0,60.2
63.1,0,0,60.2
63.11,0,0,60.2
63.12,0,0,60.2
63.13,0,0,60.2
63.14,0,0,60.2
63.15,0,0,60.2
63.16,0,0,60.2
63.17,0,0,60.2
63.18,0,0,60.2
63.19,0,0,60.2
63.2,0,0,60.2
63.21,0,0,60.2
63.22,0,0,60.2
63.23,0,0,60.2
63.24,0,0,60.2
63.25,0,0,60.2
63.26,0,0,60.2
63.27,0,0,60.2
63.28,0,0,60.2
63.29,0,0,60.2
63.3,0,0,60.2
63.31,0,0,60.2
63.32,0,0,60.2
63.33,0,0,60.2
63.34,0,0,60.2
63.35,0,0,60.2
63.36,0,0,60.2
63.37,0,0,60.2
63.38,0,0,60.2
63.39,0,0,60.2
63.4,0,0,60.2
63.41,0,0,60.2
63.42,0,0,60.2
63.43,0,0,60.2
63.44,0,0,60.2
63.45,0,0,60.2
63.46,0,0,60.2
63.47,0,0,60.2
63.48,0,0,60.2
63.49,0,0,60.2
63.5,0,0,60.2
63.51,0,0,60.2
63.52,0,0,60.2
63.53,0,0,60.2
63.54,0,0,60.2
63.55,0,0,60.2
63.56,0,0,60.2
63.57,0,0,60.2
63.58,0,0,60.2
63.59,0,0,60.2
63.6,0,0,60.2
63.61,0,0,60.2
63.62,0,0,60.2
63.63,0,0,60.2
63.64,0,0,60.2
63.65,0,0,60.2
63.66,0,0,60.2
63.67,0,0,60.2
63.68,0,0,60.2
63.69,0,0,60.2
63.7,0,0,60.2
63.71,0,0,60.2
63.72,0,0,60.2
63.73,0,0,60.2
63.74,0,0,60.2
63.75,0,0,60.2
63.76,0,0,60.2
63.77,0,0,60.2
63.78,0,0,60.2
63.79,0,0,60.2
63.8,0,0,60.2
63.81,0,0,60.2
63.82,0,0,60.2
63.83,0,0,60.2
63.84,0,0,60.2
63.85,0,0,60.2
63.86,0,0,60.2
63.87,0,0,60.2
63.88,0,0,60.2
63.89,0,0,60.2
63.9,0,0,60.2
63.91,0,0,60.2
63.92,0,0,60.2
63.93,0,0,60.2
63.94,0,0,60.2
63.95,0,0,60.2
63.96,0,0,60.2
63.97,0,0,60.2
63.98,0,0,60.2
63.99,0,0,60.2
64,0,0,60.2
64.01,0,0,60.2
64.02,0,0,60.2
64.03,0,0,60.2
64.04,0,0,60.2
64.05,0,0,60.2
64.06,0,0,60.2
64.07,0,0,60.2
64.08,0,0,60.2
64.09,0,0,60.2
64.1,0,0,60.2
64.11,0,0,60.2
64.12,0,0,60.2
64.13,0,0,60.2
64.14,0,0,60.2
64.15,0,0,60.2
64.16,0,0,60.2
64.17,0,0,60.2
64.18,0,0,60.2
64.19,0,0,60.2
64.2,0,0,60.2
64.21,0,0,60.2
64.22,0,0,60.2
64.23,0,0,60.2
64.24,0,0,60.2
64.25,0,0,60.2
64.26,0,0,60.2
64.27,0,0,60.2
64.28,0,0,60.2
64.29,0,0,60.2
64.3,0,0,60.2
64.31,0,0,60.2
64.32,0,0,60.2
64.33,0,0,60.2
64.34,0,0,60.2
64.35,0,0,60.2
64.36,0,0,60.2
64.37,0,0,60.2
64.38,0,0,60.2
64.39,0,0,60.2
64.4,0,0,60.2
64.41,0,0,60.2
64.42,0,0,60.2
64.43,0,0,60.2
64.44,0,0,60.2
64.45,0,0,60.2
64.46,0,0,60.2
64.47,0,0,60.2
64.48,0,0,60.2
64.49,0,0,60.2
64.5,0,0,60.2
64.51,0,0,60.2
64.52,0,0,60.2
64.53,0,0,60.2
64.54,0,0,60.2
64.55,0,0,60.2
64.56,0,0,60.2
64.57,0,0,60.2
64.58,0,0,60.2
64.59,0,0,60.2
64.6,0,0,60.2
64.61,0,0,60.2
64.62,0,0,60.2
64.63,0,0,60.2
64.64,0,0,60.2
64.65,0,0,60.2
64.66,0,0,60.2
64.67,0,0,60.2
64.68,0,0,60.2
64.69,0,0,60.2
64.7,0,0,60.2
64.71,0,0,60.2
64.72,0,0,60.2
64.73,0,0,60.2
64.74,0,0,60.2
64.75,0,0,60.2
64.76,0,0,60.2
64.77,0,0,60.2
64.78,0,0,60.2
64.79,0,0,60.2
64.8,0,0,60.2
64.81,0,0,60.2
64.82,0,0,60.2
64.83,0,0,60.2
64.84,0,0,60.2
64.85,0,0,60.2
64.86,0,0,60.2
64.87,0,0,60.2
64.88,0,0,60.2
64.89,0,0,60.2
64.9,0,0,60.2
64.91,0,0,60.2
64.92,0,0,60.2
64.93,0,0,60.2
64.94,0,0,60.2
64.95,0,0,60.2
64.96,0,0,60.2
64.97,0,0,60.2
64.98,0,0,60.2
64.99,0,0,60.2
65,0,0,60.2
65.01,0,0,60.2
65.02,0,0,60.2
65.03,0,0,60.2
65.04,0,0,60.2
65.05,0,0,60.2
65.06,0,0,60.2
65.07,0,0,60.2
65.08,0,0,60.2
65.09,0,0,60.2
65.1,0,0,60.2
65.11,0,0,60.2
65.12,0,0,60.2
65.13,0,0,60.2
65.14,0,0,60.2
65.15,0,0,60.2
65.16,0,0,60.2
65.17,0,0,60.2
65.18,0,0,60.2
65.19,0,0,60.2
65.2,0,0,60.2
65.21,0,0,60.2
65.22,0,0,60.2
65.23,0,0,60.2
65.24,0,0,60.2
65.25,0,0,60.2
65.26,0,0,60.2
65.27,0,0,60.2
65.28,0,0,60.2
65.29,0,0,60.2
65.3,0,0,60.2
65.31,0,0,60.2
65.32,0,0,60.2
65.33,0,0,60.2
65.34,0,0,60.2
65.35,0,0,60.2
65.36,0,0,60.2
65.37,0,0,60.2
65.38,0,0,60.2
65.39,0,0,60.2
65.4,0,0,60.2
65.41,0,0,60.2
65.42,0,0,60.2
65.43,0,0,60.2
65.44,0,0,60.2
65.45,0,0,60.2
65.46,0,0,60.2
65.47,0,0,60.2
65.48,0,0,60.2
65.49,0,0,60.2
65.5,0,0,60.2
65.51,0,0,60.2
65.52,0,0,60.2
65.53,0,0,60.2
65.54,0,0,60.2
65.55,0,0,60.2
65.56,0,0,60.2
65.57,0,0,60.2
65.58,0,0,60.2
65.59,0,0,60.2
65.6,0,0,60.2
65.61,0,0,60.2
65.62,0,0,60.2
65.63,0,0,60.2
65.64,0,0,60.2
65.65,0,0,60.2
65.66,0,0,60.2
65.67,0,0,60.2
65.68,0,0,60.2
65.69,0,0,60.2
65.7,0,0,60.2
65.71,0,0,60.2
65.72,0,0,60.2
65.73,0,0,60.2
65.74,0,0,60.2
65.75,0,0,60.2
65.76,0,0,60.2
65.77,0,0,60.2
65.78,0,0,60.2
65.79,0,0,60.2
65.8,0,0,60.2
65.81,0,0,60.2
65.82,0,0,60.2
65.83,0,0,60.2
65.84,0,0,60.2
65.85,0,0,60.2
65.86,0,0,60.2
65.87,0,0,60.2
65.88,0,0,60.2
65.89,0,0,60.2
65.9,0,0,60.2
65.91,0,0,60.2
65.92,0,0,60.2
65.93,0,0,60.2
65.94,0,0,60.2
65.95,0,0,60.2
65.96,0,0,60.2
65.97,0,0,60.2
65.98,0,0,60.2
65.99,0,0,60.2
66,0,0,60.2
66.01,0,0,60.2
66.02,0,0,60.2
66.03,0,0,60.2
66.04,0,0,60.2
66.05,0,0,60.2
66.06,0,0,60.2
66.07,0,0,60.2
66.08,0,0,60.2
66.09,0,0,60.2
66.1,0,0,60.2
66.11,0,0,60.2
66.12,0,0,60.2
66.13,0,0,60.2
66.14,0,0,60.2
66.15,0,0,60.2
66.16,0,0,60.2
66.17,0,0,60.2
66.18,0,0,60.2
66.19,0,0,60.2
66.2,0,0,60.2
66.21,0,0,60.2
66.22,0,0,60.2
66.23,0,0,60.2
66.24,0,0,60.2
66.25,0,0,60.2
66.26,0,0,60.2
66.27,0,0,60.2
66.28,0,0,60.2
66.29,0,0,60.2
66.3,0,0,60.2
66.31,0,0,60.2
66.32,0,0,60.2
66.33,0,0,60.2
66.34,0,0,60.2
66.35,0,0,60.2
66.36,0,0,60.2
66.37,0,0,60.2
66.38,0,0,60.2
66.39,0,0,60.2
66.4,0,0,60.2
66.41,0,0,60.2
66.42,0,0,60.2
66.43,0,0,60.2
66.44,0,0,60.2
66.45,0,0,60.2
66.46,0,0,60.2
66.47,0,0,60.2
66.48,0,0,60.2
66.49,0,0,60.2
66.5,0,0,60.2
66.51,0,0,60.2
66.52,0,0,60.2
66.53,0,0,60.2
66.54,0,0,60.2
66.55,0,0,60.2
66.56,0,0,60.2
66.57,0,0,60.2
66.58,0,0,60.2
66.59,0,0,60.2
66.6,0,0,60.2
66.61,0,0,60.2
66.62,0,0,60.2
66.63,0,0,60.2
66.64,0,0,60.2
66.65,0,0,60.2
66.66,0,0,60.2
66.67,0,0,60.2
66.68,0,0,60.2
66.69,0,0,60.2
66.7,0,0,60.2
66.71,0,0,60.2
66.72,0,0,60.2
66.73,0,0,60.2
66.74,0,0,60.2
66.75,0,0,60.2
66.76,0,0,60.2
66.77,0,0,60.2
66.78,0,0,60.2
66.79,0,0,60.2
66.8,0,0,60.2
66.81,0,0,60.2
66.82,0,0,60.2
66.83,0,0,60.2
66.84,0,0,60.2
66.85,0,0,60.2
66.86,0,0,60.2
66.87,0,0,60.2
66.88,0,0,60.2
66.89,0,0,60.2
66.9,0,0,60.2
66.91,0,0,60.2
66.92,0,0,60.2
66.93,0,0,60.2
66.94,0,0,60.2
66.95,0,0,60.2
66.96,0,0,60.2
66.97,0,0,60.2
66.98,0,0,60.2
66.99,0,0,60.2
67,0,0,60.2
67.01,0,0,60.2
67.02,0,0,60.2
67.03,0,0,60.2
67.04,0,0,60.2
67.05,0,0,60.2
67.06,0,0,60.2
67.07,0,0,60.2
67.08,0,0,60.2
67.09,0,0,60.2
67.1,0,0,60.2
67.11,0,0,60.2
67.12,0,0,60.2
67.13,0,0,60.2
67.14,0,0,60.2
67.15,0,0,60.2
67.16,0,0,60.2
67.17,0,0,60.2
67.18,0,0,60.2
67.19,0,0,60.2
67.2,0,0,60.2
67.21,0,0,60.2
67.22,0,0,60.2
67.23,0,0,60.2
67.24,0,0,60.2
67.25,0,0,60.2
67.26,0,0,60.2
67.27,0,0,60.2
67.28,0,0,60.2
67.29,0,0,60.2
67.3,0,0,60.2
67.31,0,0,60.2
67.32,0,0,60.2
67.33,0,0,60.2
67.34,0,0,60.2
67.35,0,0,60.2
67.36,0,0,60.2
67.37,0,0,60.2
67.38,0,0,60.2
67.39,0,0,60.2
67.4,0,0,60.2
67.41,0,0,60.2
67.42,0,0,60.2
67.43,0,0,60.2
67.44,0,0,60.2
67.45,0,0,60.2
67.46,0,0,60.2
67.47,0,0,60.2
67.48,0,0,60.2
67.49,0,0,60.2
67.5,0,0,60.2
67.51,0,0,60.2
67.52,0,0,60.2
67.53,0,0,60.2
67.54,0,0,60.2
67.55,0,0,60.2
67.56,0,0,60.2
67.57,0,0,60.2
67.58,0,0,60.2
67.59,0,0,60.2
67.6,0,0,60.2
67.61,0,0,60.2
67.62,0,0,60.2
67.63,0,0,60.2
67.64,0,0,60.2
67.65,0,0,60.2
67.66,0,0,60.2
67.67,0,0,60.2
67.68,0,0,60.2
67.69,0,0,60.2
67.7,0,0,60.2
67.71,0,0,60.2
67.72,0,0,60.2
67.73,0,0,60.2
67.74,0,0,60.2
67.75,0,0,60.2
67.76,0,0,60.2
67.77,0,0,60.2
67.78,0,0,60.2
67.79,0,0,60.2
67.8,0,0,60.2
67.81,0,0,60.2
67.82,0,0,60.2
67.83,0,0,60.2
67.84,0,0,60.2
67.85,0,0,60.2
67.86,0,0,60.2
67.87,0,0,60.2
67.88,0,0,60.2
67.89,0,0,60.2
67.9,0,0,60.2
67.91,0,0,60.2
67.92,0,0,60.2
67.93,0,0,60.2
67.94,0,0,60.2
67.95,0,0,60.2
67.96,0,0,60.2
67.97,0,0,60.2
67.98,0,0,60.2
67.99,0,0,60.2
68,0,0,60.2
68.01,0,0,60.2
68.02,0,0,60.2
68.03,0,0,60.2
68.04,0,0,60.2
68.05,0,0,60.2
68.06,0,0,60.2
68.07,0,0,60.2
68.08,0,0,60.2
68.09,0,0,60.2
68.1,0,0,60.2
68.11,0,0,60.2
68.12,0,0,60.2
68.13,0,0,60.2
68.14,0,0,60.2
68.15,0,0,60.2
68.16,0,0,60.2
68.17,0,0,60.2
68.18,0,0,60.2
68.19,0,0,60.2
68.2,0,0,60.2
68.21,0,0,60.2
68.22,0,0,60.2
68.23,0,0,60.2
68.24,0,0,60.2
68.25,0,0,60.2
68.26,0,0,60.2
68.27,0,0,60.2
68.28,0,0,60.2
68.29,0,0,60.2
68.3,0,0,60.2
68.31,0,0,60.2
68.32,0,0,60.2
68.33,0,0,60.2
68.34,0,0,60.2
68.35,0,0,60.2
68.36,0,0,60.2
68.37,0,0,60.2
68.38,0,0,60.2
68.39,0,0,60.2
68.4,0,0,60.2
68.41,0,0,60.2
68.42,0,0,60.2
68.43,0,0,60.2
68.44,0,0,60.2
68.45,0,0,60.2
68.46,0,0,60.2
68.47,0,0,60.2
68.48,0,0,60.2
68.49,0,0,60.2
68.5,0,0,60.2
68.51,0,0,60.2
68.52,0,0,60.2
68.53,0,0,60.2
68.54,0,0,60.2
68.55,0,0,60.2
68.56,0,0,60.2
68.57,0,0,60.2
68.58,0,0,60.2
68.59,0,0,60.2
68.6,0,0,60.2
68.61,0,0,60.2
68.62,0,0,60.2
68.63,0,0,60.2
68.64,0,0,60.2
68.65,0,0,60.2
68.66,0,0,60.2
68.67,0,0,60.2
68.68,0,0,60.2
68.69,0,0,60.2
68.7,0,0,60.2
68.71,0,0,60.2
68.72,0,0,60.2
68.73,0,0,60.2
68.74,0,0,60.2
68.75,0,0,60.2
68.76,0,0,60.2
68.77,0,0,60.2
68.78,0,0,60.2
68.79,0,0,60.2
68.8,0,0,60.2
68.81,0,0,60.2
68.82,0,0,60.2
68.83,0,0,60.2
68.84,0,0,60.2
68.85,0,0,60.2
68.86,0,0,60.2
68.87,0,0,60.2
68.88,0,0,60.2
68.89,0,0,60.2
68.9,0,0,60.2
68.91,0,0,60.2
68.92,0,0,60.2
68.93,0,0,60.2
68.94,0,0,60.2
68.95,0,0,60.2
68.96,0,0,60.2
68.97,0,0,60.2
68.98,0,0,60.2
68.99,0,0,60.2
69,0,0,60.2
69.01,0,0,60.2
69.02,0,0,60.2
69.03,0,0,60.2
69.04,0,0,60.2
69.05,0,0,60.2
69.06,0,0,60.2
69.07,0,0,60.2
69.08,0,0,60.2
69.09,0,0,60.2
69.1,0,0,60.2
69.11,0,0,60.2
69.12,0,0,60.2
69.13,0,0,60.2
69.14,0,0,60.2
69.15,0,0,60.2
69.16,0,0,60.2
69.17,0,0,60.2
69.18,0,0,60.2
69.19,0,0,60.2
69.2,0,0,60.2
69.21,0,0,60.2
69.22,0,0,60.2
69.23,0,0,60.2
69.24,0,0,60.2
69.25,0,0,60.2
69.26,0,0,60.2
69.27,0,0,60.2
69.28,0,0,60.2
69.29,0,0,60.2
69.3,0,0,60.2
69.31,0,0,60.2
69.32,0,0,60.2
69.33,0,0,60.2
69.34,0,0,60.2
69.35,0,0,60.2
69.36,0,0,60.2
69.37,0,0,60.2
69.38,0,0,60.2
69.39,0,0,60.2
69.4,0,0,60.2
69.41,0,0,60.2
69.42,0,0,60.2
69.43,0,0,60.2
69.44,0,0,60.2
69.45,0,0,60.2
69.46,0,0,60.2
69.47,0,0,60.2
69.48,0,0,60.2
69.49,0,0,60.2
69.5,0,0,60.2
69.51,0,0,60.2
69.52,0,0,60.2
69.53,0,0,60.2
69.54,0,0,60.2
69.55,0,0,60.2
69.56,0,0,60.2
69.57,0,0,60.2
69.58,0,0,60.2
69.59,0,0,60.2
69.6,0,0,60.2
69.61,0,0,60.2
69.62,0,0,60.2
69.63,0,0,60.2
69.64,0,0,60.2
69.65,0,0,60.2
69.66,0,0,60.2
69.67,0,0,60.2
69.68,0,0,60.2
69.69,0,0,60.2
69.7,0,0,60.2
69.71,0,0,60.2
69.72,0,0,60.2
69.73,0,0,60.2
69.74,0,0,60.2
69.75,0,0,60.2
69.76,0,0,60.2
69.77,0,0,60.2
69.78,0,0,60.2
69.79,0,0,60.2
69.8,0,0,60.2
69.81,0,0,60.2
69.82,0,0,60.2
69.83,0,0,60.2
69.84,0,0,60.2
69.85,0,0,60.2
69.86,0,0,60.2
69.87,0,0,60.2
69.88,0,0,60.2
69.89,0,0,60.2
69.9,0,0,60.2
69.91,0,0,60.2
69.92,0,0,60.2
69.93,0,0,60.2
69.94,0,0,60.2
69.95,0,0,60.2
69.96,0,0,60.2
69.97,0,0,60.2
69.98,0,0,60.2
69.99,0,0,60.2
70,0,0,60.2
